:0200000400FFFB
:10000000029E9F02C97C740F02C4AD0200A27EB39F
:10001000000A220200A17EB302F122022C2E7EB33E
:10002000057E22029863CAF87EF00312C43A600487
:100030007401800C7E34001412C66E1BF078ECE460
:10004000DAF82202A4506D337A37067C7A37067EBE
:1000500002C8930201977EB305F52202C968746B4A
:1000600012C612B46B04746B800A746A12C612B49E
:100070006B09746A7AB3000A740122746B7AB30054
:100080000AE42202C96C7E3705BD2202A4CD7EB3EC
:1000900002672202A9207D231B34BE24000038F60B
:1000A000223232027E56CA3B7EB301AFB4010990C0
:1000B00006A2E060030201947EB301AFB401067EA4
:1000C0003400B480047E340064BE3701AD380302CE
:1000D00001947E1F01FF7A1F040B7E3F01E07E1F0B
:1000E000040BBF137803020194BF1328067E0F048C
:1000F0000B80027F03BF1350067E2F040B80027F0C
:1001000023BE08006450030201947F109F12E41282
:1001100004017F717F10E41204017F017F17120335
:100120002C7E1466667E043EE67A0F046D6D117EA9
:10013000043F4012028C9F0012C3BF7F717E1F04D8
:100140000BBF1328236D337E243F807F071201D11C
:100150007E0F012912028C7A1F01296D117E043F46
:10016000807F171201D480216D117E043F807F179C
:100170001201D47E0F012912028C7A1F01296D33DE
:100180007E243F807F071201D17E0F018512028CF1
:100190007A1F0185DA3B2253EFEF3202002375C646
:0901A0005A75C6A50000000022FA
:0E01AB000200437E2701F37E340005AD3222B0
:0E01BB0002008B7E27028E7E340005AD3222BC
:1001CB000200930205136E00807CB1337CB0336860
:1001DB000D0468EF7CB5337CB43378037F102204B5
:1001EB0068E17D5092F77D457D51BF2140067C80B3
:1001FB007F017F121204D67EA1D05CB0047803205D
:10020B00D5C17CB00478075002B2D502051B92D53C
:10021B00BE80FF68F67CB89CB06C00602AB41805F1
:10022B007C410204EF50FB80032F00047C9B5E900B
:10023B000778F630E4067C437D106D0030E3087CD4
:10024B00437C327C210A0030F5199F10780E220274
:10025B0005181B8068F92F1150020B707CB530E725
:10026B00F1801B2D317CB5A5397C5B50110B80784F
:10027B000302051B1E341350034E60801A2B02041D
:10028B00EF5D22680D5D0078122D220B4068099FEF
:10029B0011222D000B0078F90205131204D65C8095
:1002AB000B806808248150072CB0500A02051B2CC8
:1002BB00B040030205187C8B5D1178267CB17CA5C0
:1002CB00BE1080680A5D33780DA5BD80057F1002D6
:1002DB0005056D0080307F017C5B7CB17CA5AD1288
:1002EB0080245D337806A5BD80F080E1CA887D410E
:1002FB00AD437CB17CA5AD122D1450020B047C5B7D
:10030B00AD232F01DA88A42D05BE008040060B809B
:10031B00780480982F007C437C507C617C720204B3
:10032B00EFBE24FFFF6806BE04FFFF780302051330
:10033B001204D65CB00468F57CB8A54868EF7CB8AD
:10034B0070039F1122A5B8000302051B2E008150DC
:10035B00079C8038070205189C8050ED0A51C2E7B4
:10036B004D5178030205057E5400807E901A6C0077
:10037B0080061B9068142F11BF1040049F104CABCC
:10038B000330E7EECAA86CAA80E8DA39DA587C4A5F
:10039B00BE5080500A1B8068BC2F1150020B70029C
:1003AB0004EF74F86CAA6E40806E0080BEB0FF68DC
:1003BB00277C837C975C3B5C7BBF10682AF4400DE9
:1003CB007C382D15F45C3B500F0B04800B7C792D86
:1003DB0035F45C7B50020B24BF10680B7CB020E71C
:1003EB00067CB420E701B3225D226809BE24FFFF1F
:1003FB0068036E4080227EA020800C7EA0108005BA
:10040B007EA0086C556D333392D5500A6E34FFFFC6
:10041B006E24FFFF0B1CA5EC3340062F11D5F0F615
:10042B00227CBA247EA2D5137C767C65A5CC92E780
:10043B007C5B227CB5337CB43392D54E50802481C7
:10044B0040039F11227C457C567C676C7724E050DF
:10045B000E7E1CFFFF221E341E2450034E608004B0
:10046B0078F430D50A6E34FFFF6E24FFFF0B1C228D
:10047B007F507EC400007ED4049D7E94048C0205C4
:10048B00544001227CEACA89CA5BCA6B12C8B1DA32
:10049B006BDA5BDA897E94048C7CAE227F707F51A1
:1004AB007EC400007ED403CF7E9404BA0205544070
:1004BB0005E47A7BB0227A7BB00B7C22BE24FFFF53
:1004CB0068087CB430E7036E4080222D0092D50E75
:1004DB00104E10807D422D445002B2D54E50806C90
:1004EB00447CB8222C4450120B1C7E40005E507F83
:1004FB00BE18000078040B806816A2D57CB8137C5C
:10050B004B7CB592E77C5B227E1CFFFF229F112266
:10051B007E24FF8020D5026C456D3322540F24902E
:10052B00D43440D430F30CBEB0414007BEB05B5066
:10053B000224204CCC68021BC00B84D389944CCC76
:10054B00680B742012053E80F5CA3B6D889F337C87
:10055B00AE7E5BB00B5C7007C37D38DA3B8994B41D
:10056B002569C2F37E5BB00B5CA5F824D0BEB00A44
:10057B00501B7E500A20F60DAC5CA52D7CCB700376
:10058B004EF00180DDAC5DA52D7CDB80D524CFBE8C
:10059B00B01AA5E850055E00DFD2F3900929A3E459
:1005AB00936011BCB078F77417934CAB30F6B34E25
:1005BB00F08080AEA3E4936010BCB078F774169310
:1005CB007C3B7423937C2B89147CB0801374201296
:1005DB00053E20F205BEC00250F31B6D29B600018B
:1005EB0012053E0205491B6E691600020B6A00BE1E
:1005FB0008000078087E0400FF7E14C98820F21ED4
:10060B004CCC681A7F10E47E1B804C8868070B1C4F
:10061B0004BCBD78F2C2F6CA0B120728DA0B7E0BAC
:10062B00B060C0CA0B12053EDA0B0B0C4CDD68EE4A
:10063B001BD078EA80ADD2F07E101080037E1008BC
:10064B005EB05F800AD2F67E100A80057E100AC269
:10065B00F66D119F117E00201B6C7E6B7030F602C5
:10066B001A3720F1051B6C7E6B6030F6041A261AC4
:10067B002430F0051B6D0B6A20A5EC3382F692F645
:10068B00500A7CEA9F229F217F127CAE4C44780F4C
:10069B007C457C567C676C772E00F878EF80122FA8
:1006AB00117CB3337C3B9CB140047C3B0B70A5D8D5
:1006BB00EE7CB230E005DAB8C44C3BCA380B207E76
:1006CB0000207E3000BE18000078C1BE10087807ED
:1006DB0030F404C2F480B5CA287CB2BCBD38027CAD
:1006EB00BD120728DA28BC2D500A1BD0E4CA2812E9
:1006FB00052780F07CB213DAB84004C4CAB8C4CA68
:10070B0028BEF08040095CDD7805A5DA0260065E44
:10071B00F07F120527DA28A5DADA020549BEF001C7
:10072B00680F30F402240220F50620F70330F6019F
:10073B000420F229BCBC5025CAB87CBF13B0E674A8
:10074B0020501174307C8A5E80F068081207685E56
:10075B00A00F800312053EDAB8BCBC78DB30F40F77
:10076B00743012053E745830F302747812053E3023
:10077B00F605742D02053E742B20F5F8742020F736
:10078B00F3221B6C7E6BB010F1021B6C20F60B304E
:10079B00E704F404D2F27CCB800520E7057CDB0276
:1007AB00056D5EF07F80F81B6E691600020B6A0008
:1007BB0030F0076D221B0A200B0D1B0A8002055817
:1007CB00E46C22BE3007500B7F1F2D312E34FFF708
:1007DB007E39B0227CBF20E7A8742E4EF080020534
:1007EB003E120912403D7CBD7003047CDB120A29CA
:1007FB007C3D4C3368101B307CBE20E4091207CBC8
:10080B0070044C3378F07CBD7CD3BEA0FD481CBC7F
:10081B00AB5818E49CBA2CB31801E47CDB0208B388
:10082B00120912406E7CBD04120A297AFBA07CAE21
:10083B007CBDA2F492F0C2F44002600104240512C4
:10084B0007287E30FF0B301207CBCA381205272042
:10085B00F0044CDD68031207DFDA38BC3D78E67430
:10086B000E120527742B7EFBA030F707742D6EA09C
:10087B00FF0BA07AFBA012053E7EA00A7EFBB08484
:10088B007AFBA01205277EFBB01205279EF8000805
:10089B00020549D2F27ED00002060812091240F37B
:1008AB007CBA2CBD04120A297AFBA07CBA7CAE3030
:1008BB00E701E40420F4044CDD6805D2F0C2F40433
:1008CB002CBD1207286C337EFBB0601B20E7121483
:1008DB007AFBB01207CBCA38120527DA380B3080F7
:1008EB00E6047AFBB01B301207CBCA381205274C33
:1008FB00DD68071207DF1BD080E19EF8000930F09E
:10090B00031207DF0205497CEA7CAF10F7037ED0A8
:10091B00067CFA1B6E693600020B6A200209712DE8
:10092B002B204C4248232E0053584F4449435550DB
:10093B002A4E464547000420800102001040F14337
:10094B00485050DD57418DB2A62BEC050606060626
:10095B0005060607070808074E614E002B494E4651
:10096B00002D494E46007D522D557CBE92E67CEB08
:10097B007CBA601F0470287CB5C2E77E0400FF6060
:10098B00067E140963D3227E14096C40047E14097D
:10099B0067D322DA099F22CA2BCA2BC3CA09220AA0
:1009AB000A7E144D10AD109E083AF09E10267CB5B1
:1009BB00C2E77EA0567C9BA46E54FFFF2E54C5113C
:1009CB00ACA92D15E4A539CAB8CA1B20E70A120A2F
:1009DB009CDA1B12032C800AF404120A9CDA1B12F9
:1009EB00028CDAA87CB5337CB4334E50806C442433
:1009FB00822F111478FBDA497407BE400A40099E16
:100A0B00400ACA0201140BA0CA486C442F117F0183
:100A1B002F112F112F101478EFCA48CA49227F0FBC
:100A2B0020E73ABEB007400274070A0B2D109E1444
:100A3B0000097E19B02EB0FB501F4C116817E47AD9
:100A4B0019B01B147E19B0047A19B0B40A0BE47AEE
:100A5B0019B0A5D9ED0BA074017A19B0225EE0BFD5
:100A6B00223F8000004120000042C80000447A0071
:100A7B0000461C400047C35000497424004B189695
:100A8B00804CBEBC205A0E1BCA6753C21C749DC53A
:100A9B00AE7C7B6006540768162323120AC17CB711
:100AAB005438680A7F10120ABE12028C7F01227C16
:100ABB00B7543803241C6CAA2E540A6C7E4400FFD6
:100ACB000B2A006912000222C2D57CB430E708B2AF
:100ADB00D56E24FFFF0B247CB630E712B2D56E34F3
:100AEB00FFFF0B348D326E24FFFF0B2480028D32FF
:100AFB0030D5066E34FFFF0B34227D51AD037D02E2
:100B0B007D21AD052D12AD352D21227D02AD31ADEF
:100B1B00102D21226D0074104D00780B4D2278277B
:100B2B008D317D126D22227D437D326D222F112D51
:100B3B00445002A50FBF1040049F100B901478ED8A
:100B4B007F016D227D34227D417D138D247D022F0B
:100B5B00004004BD0440049D040B141478F17D2364
:100B6B007D317D106D0022C2D57CB030E708B2D547
:100B7B009F229F207F027CB430E713B2D59F229F28
:100B8B00217F12120B219F229F207F028003120BC9
:100B9B002130D5069F229F217F12226CAABE08000E
:100BAB000068201E540B5450167E1B807A0B800B52
:100BBB001C0B0C800A0B1A401B0A400B1D0B0D1B48
:100BCB005478F2226CAA4D11681E1E54500C7E1BD9
:100BDB00007A190068120B1C0B140B1A001B18005F
:100BEB000B1D0B151B5478F22200000000000000B7
:100BFB0000000000000000000000000008080808CA
:100C0B00080808000008080000004824241200000F
:100C1B000000000000000000000000004848487E73
:100C2B002424247E24242400000000103C52521261
:100C3B001C30505052523C1010000000222515154C
:100C4B000D2A585454522200000000000C121212AC
:100C5B000A76252919916E00000006040402000093
:100C6B0000000000000000000000402010100808E9
:100C7B000808080810102040000002040808101093
:100C8B001010101008080402000000000008086B88
:100C9B001C1C6B0808000000000000000000101076
:100CAB0010FE1010100000000000000000000000FB
:100CBB000000000000060404020000000000000019
:100CCB00007E00000000000000000000000000009B
:100CDB00000000000006060000000040202020104D
:100CEB001008080804040202000000001824424205
:100CFB00424242424224180000000000101C101017
:100D0B001010101010107C00000000003C424242FA
:100D1B004020100804427E00000000003C4242408C
:100D2B002018204042423C000000000020303028B8
:100D3B00242422FE2020F800000000007E02020284
:100D4B001E22404042221C00000000001824020218
:100D5B003A46424242443800000000007E422020C6
:100D6B001010080808080800000000003C4242422E
:100D7B002418244242423C00000000001C22424244
:100D8B0042625C4040241800000000000000001884
:100D9B001800000000181800000000000000000000
:100DAB0008000000000008080800000040201008A0
:100DBB000402040810204000000000000000007E28
:100DCB0000007E000000000000000000020408107C
:100DDB002040201008040200000000003C42424664
:100DEB002010101000181800000000001C225A558B
:100DFB00555555553A423C000000000008081814A0
:100E0B0014243C224242E700000000001F22222251
:100E1B001E22424242221F00000000007C4242017F
:100E2B000101010142221C00000000001F2242426E
:100E3B004242424242221F00000000003F42121277
:100E4B001E12120242423F00000000003F421212EB
:100E5B001E12120202020700000000003C222201B7
:100E6B000101712122221C0000000000E7424242D6
:100E7B00427E42424242E700000000003E08080862
:100E8B000808080808083E00000000007C1010103D
:100E9B0010101010101010110F0000007722120A02
:100EAB000E0A121222227700000000000702020233
:100EBB000202020202427F00000000007736363643
:100ECB0036362A2A2A2A6B0000000000E346464ADF
:100EDB004A52525262624700000000001C224141FC
:100EEB004141414141221C00000000003F4242426F
:100EFB00423E020202020700000000001C22414198
:100F0B00414141414D321C60000000003F424242D2
:100F1B003E1212222242C700000000007C42420215
:100F2B000418204042423E00000000007F490808A0
:100F3B000808080808081C0000000000E7424242AD
:100F4B004242424242423C0000000000E742422241
:100F5B002424141418080800000000006B2A2A2A05
:100F6B002A2A36141414140000000000E74224242B
:100F7B00181818242442E7000000000077222214DE
:100F8B001408080808081C00000000007E2120102F
:100F9B001008040442423F000000780808080808C3
:100FAB000808080808080878000000020404040870
:100FBB00080810102020204040001E1010101010A8
:100FCB00101010101010101E00001824000000004C
:100FDB000000000000000000000000000000000006
:100FEB00007E00000000000000000608000000006A
:100FFB0000000000000000000000000000000000E6
:10100B001C22302C22326C00000000000003020274
:10101B001A26424242261A0000000000000000007F
:10102B0038440202024438000000000000604040D7
:10103B007C4242424262DC000000000000000000E3
:10104B003C42427E02423C00000000000030480857
:10105B003E08080808083E000000000000000000E1
:10106B007C22221C023C42423C0000000003020294
:10107B003A4642424242E700000000000C0C0000DE
:10108B000E08080808083E00000000003030000081
:10109B0038202020202020221E0000000003020206
:1010AB0072120A0E1222770000000000080E0808C8
:1010BB000808080808083E000000000000000000B7
:1010CB007F9292929292B700000000000000000005
:1010DB003B4642424242E700000000000000000095
:1010EB003C42424242423C00000000000000000033
:1010FB001B26424242261A02070000000000000095
:10110B005864424242645840E00000000000000076
:10111B00774C040404041F000000000000000000D2
:10112B007C42023C40423E000000000000000808E8
:10113B003E080808084830000000000000000000CE
:10114B00634242424262DC000000000000000000EB
:10115B007722221414080800000000000000000091
:10116B00DB91525A2A2424000000000000000000EA
:10117B006E241818182476000000000000000000F0
:10118B00E74224241818080806000000000000009D
:10119B007E22100808447E000000C0202020202062
:1011AB0020102020202020C0001010101010101034
:1011BB00101010101010101010000304040404047D
:1011CB00040804040404040300045A200000000073
:1011DB000000000000000000000000000000000004
:1011EB0000002F000000000700070000147F147F91
:1011FB001400242A7F2A1200626408132300364944
:10120B0055225000000503000000001C2241000085
:10121B000041221C000014083E08140008083E0878
:10122B0008000000A0600000080808080800006023
:10123B00600000002010080402003E5149453E00AA
:10124B0000427F4000004261514946002141454B1D
:10125B0031001814127F10002745454539003C4AD0
:10126B0049493000017109050300364949493600E7
:10127B00064949291E00003636000000005636008C
:10128B00000008142241000014141414140000412F
:10129B0022140800020151090600324959513E003F
:1012AB007C1211127C007F49494936003E41414175
:1012BB0022007F4141221C007F49494941007F099F
:1012CB00090901003E4149497A007F0808087F005F
:1012DB0000417F4100002040413F01007F08142264
:1012EB0041007F40404040007F020C027F007F04A2
:1012FB0008107F003E4141413E007F09090906006D
:10130B003E4151215E007F09192946004649494952
:10131B00310001017F0101003F4040403F001F2091
:10132B0040201F003F4038403F0063140814630007
:10133B00070870080700615149454300007F414190
:10134B000000552A552A55000041417F0000040238
:10135B000102040040404040400000010204000034
:10136B002054545478007F48444438003844444453
:10137B002000384444487F00385454541800087EE9
:10138B000901020018A4A4A47C007F0804047800BF
:10139B0000447D4000004080847D00007F10284485
:1013AB00000000417F4000007C04180478007C089A
:1013BB0004047800384444443800FC2424241800E6
:1013CB0018242418FC007C080404080048545454C6
:1013DB002000043F444020003C4040207C001C2067
:1013EB0040201C003C4030403C0044281028440066
:1013FB001CA0A0A07C004464544C4414141414147A
:10140B0014CA797D737E3400171285CC6004E40214
:10141B001B116D339000841BEA30900396E0B401EE
:10142B000A7E14CAFF7E0400FF80087E14CAEE7E7B
:10143B000400FF90038E693E00020BEA2012BEB837
:10144B00900396E0B401487E14CAEA7E0400FF9034
:10145B000397E0BEB000580A7E34D3827E2400FF8F
:10146B008017BEB000080A7E34D3847E2400FF8030
:10147B00087E34CAE87E2400FF12BEB87E14CAE48C
:10148B007E0400FF900398E00A3B6D2212BF167E8C
:10149B0014CCA57E0400FF9003530BEA306D22128F
:1014AB00BF167E14CCBE7E0400FF7E34CCBB7E24E4
:1014BB0000FF12BEB8900396E0B40102800302183D
:1014CB00AB7E14CADA7E0400FF9003A40BEA306DE6
:1014DB002212BF167E14CAD37E0400FF9003A60B04
:1014EB00EA306D2212BF167E14CAEA7E0400FF900A
:1014FB0003A80BEA306D2212BF167E14CCBE7E04FD
:10150B0000FF7E34CCBB7E2400FF12BEB87E14CA13
:10151B00CB7E0400FF9003AAE0B4021D900397E07A
:10152B00BEB000580A7E34D2287E2400FF80127E83
:10153B0034D2207E2400FF80087E34D21B7E240010
:10154B00FF12BEB87E14CB137E0400FF9003ABE0FA
:10155B000A3B6D2212BF167E14CC1B7E0400FF903B
:10156B0003ACE00A3B6D2212BF167E14CC167E0430
:10157B0000FF9003ADE00A3B6D2212BF167E14CC28
:10158B00B17E0400FF9003AEE00A3B6D2212BF1642
:10159B007E14CAC77E0400FF9003AF0BEA301A26F5
:1015AB001A2412BEE77E14CAC37E0400FF9003B157
:1015BB000BEA306D2212BF167E14CCBE7E0400FFE8
:1015CB007E34CCBB7E2400FF12BEB87E14CABB7E19
:1015DB000400FF900399E00A3B6D2212BF167E14A4
:1015EB00CCA57E0400FF90039A0BEA306D2212BF4C
:1015FB00167E14CB137E0400FF90039C693E000201
:10160B000BEA2012BF167E14CCB17E0400FF9003B0
:10161B00A0693E00020BEA2012BF167E14CCBE7EE0
:10162B000400FF7E34CCBB7E2400FF12BEB87E14B8
:10163B00CAB37E0400FF9003CCE00A3B6D2212BFBD
:10164B00167E14CAAD7E0400FF9003CD0BEA306DFD
:10165B002212BF167E14CAA87E0400FF9003CF0B84
:10166B00EA306D2212BF167E14CAA37E0400FF90CF
:10167B0003D10BEA306D2212BF167E14CA9E7E0474
:10168B0000FF9003D30BEA306D2212BF167E14CCF1
:10169B00BE7E0400FF7E34CCBB7E2400FF12BEB89E
:1016AB007E14CA967E0400FF9003B3E00A3B6D22C2
:1016BB0012BF167E14CAAD7E0400FF9003B40BEA72
:1016CB00306D2212BF167E14CA917E0400FF900368
:1016DB00B60BEA306D2212BF167E14CB137E0400BC
:1016EB00FF9003B8E00A3B6D2212BF167E14CC1B91
:1016FB007E0400FF9003B9E00A3B6D2212BF167EF9
:10170B0014CC167E0400FF9003BAE00A3B6D221244
:10171B00BF167E14CCB17E0400FF9003BBE00A3BE6
:10172B006D2212BF167E14CAC77E0400FF9003BC45
:10173B000BEA301A261A2412BEE77E14CAC37E04A3
:10174B0000FF9003BE0BEA306D2212BF167E14CC45
:10175B00BE7E0400FF7E34CCBB7E2400FF12BEB8DD
:10176B007E14CA887E0400FF9003C0E00A3B6D2202
:10177B0012BF167E14CA837E0400FF9003C1E00AD9
:10178B003B6D2212BF167E14CAA87E0400FF900385
:10179B00C20BEA306D2212BF167E14CAA37E040060
:1017AB00FF9003C40BEA306D2212BF167E14CA7E63
:1017BB007E0400FF9003C60BEA306D2212BF167E2B
:1017CB0014CA9E7E0400FF9003C80BEA306D2212F0
:1017DB00BF167E14CA797E0400FF9003CA0BEA3051
:1017EB006D2212BF167E14CCBE7E0400FF7E34CC5D
:1017FB00BB7E2400FF12BEB87E14CA717E0400FFAC
:10180B009003D5E00A3B6D2212BF167E14CA6C7E84
:10181B000400FF9003D6E00A3B6D2212BF167E1424
:10182B00CAAD7E0400FF9003D70BEA306D2212BFC6
:10183B00167E14CB137E0400FF9003D9E00A3B6D98
:10184B002212BF167E14CC1B7E0400FF9003DAE03D
:10185B000A3B6D2212BF167E14CC167E0400FF903D
:10186B0003DBE00A3B6D2212BF167E14CCB17E0463
:10187B0000FF9003DCE00A3B6D2212BF167E14CAF8
:10188B00C77E0400FF9003DD0BEA301A261A2412E0
:10189B00BEE77E14CAC37E0400FF9003DF02193F2C
:1018AB007E14CA647E0400FF900371E00A3B6D2234
:1018BB0012BF167E14CCA57E0400FF9003720BEAB8
:1018CB00306D2212BF167E14CB137E0400FF9003E3
:1018DB0074693E00020BEA2012BF167E14CCB17E57
:1018EB000400FF900378693E00020BEA2012BF163A
:1018FB007E14CA5F7E0400FF90037CE00A3B6D22DE
:10190B0012BF167E14CBC47E0400FF90037D0BEA3E
:10191B00306D2212BF167E14CA5A7E0400FF90034C
:10192B007FE00A3B6D2212BF167E14CBBF7E0400F4
:10193B00FF9003800BEA306D2212BF167E14CCBED3
:10194B007E0400FF7E34CCBB7E2400FF12BEB87E2B
:10195B0014CA507E0400FF900355693E00020BEA47
:10196B002012BEE77E14CA497E0400FF900359691A
:10197B003E00020BEA2012BEE77E14CA427E040030
:10198B00FF90035D693E00020BEA2012BEE77E1456
:10199B00CA3B7E0400FF900361693E00020BEA2004
:1019AB0012BEE77E14CA337E0400FF9003650BEA78
:1019BB00306D2212BF167E14CCBE7E0400FF7E3427
:1019CB00CCBB7E2400FF12BEB87E14CA2C7E040052
:1019DB00FF9003670BEA306D2212BF167E14CB13F8
:1019EB007E0400FF900369693E00020BEA2012BFE0
:1019FB00167E14CCB17E0400FF90036D693E00028D
:101A0B000BEA2012BF167E14CCBE7E0400FF7E3480
:101A1B00CCBB7E2400FF12BEB87E14CA247E040009
:101A2B00FF9003820BEA306D2212BF167E14CA1F81
:101A3B007E0400FF9003840BEA306D2212BF167EEA
:101A4B0014CA5F7E0400FF9003860BEA306D2212EE
:101A5B00BF167E14CA5A7E0400FF9003880BEA302F
:101A6B006D2212BF167E14CA1A7E0400FF90038AE1
:101A7B000BEA306D2212BF167E14CA157E0400FFCE
:101A8B0090038C0BEA306D2212BF167E14CCAD7E08
:101A9B000400FF900392693E00020BEA2012BEB8CD
:101AAB007E14CCBE7E0400FF7E34CCBB7E2400FFB4
:101ABB0012BEB8BE740002780A7E14C9FA7E040006
:101ACB00FF8018BE740003780A7E14C9EA7E0400F6
:101ADB00FF80087E14C9CE7E0400FF7E34CCBB7E13
:101AEB002400FF12BEB89000840BEA20BE240280B3
:101AFB004003E480117E3400037E1400CC7E04008E
:101B0B00011281B17401DA7922CA3B7A1F03DA7FA1
:101B1B00309F11900406793E00021BEA207E3403AD
:101B2B00D67E2400007A1F03DE0220F57E1F03DA27
:101B3B007E1BB090040AF0B4250280030220CC0B6C
:101B4B00347A1F03DA7E1BB024DBBEB05440030291
:101B5B0020EB7EA003A4901B65730220B70220EB41
:101B6B000220EB0220EB0220EB0220EB0220EB0227
:101B7B0020EB0220EB0220EB0220EB0220EB0220F9
:101B8B00EB0220EB0220EB0220EB0220EB0220EB1E
:101B9B000220EB0220EB0220EB0220EB0220EB02F7
:101BAB0020EB0220EB0220EB0220EB0220EB0220C9
:101BBB00EB0220EB0220EB0220EB0220EB021D16C6
:101BCB000220EB0220EB0220EB0220EB0220EB02C7
:101BDB0020EB0220EB0220EB0220EB0220EB022099
:101BEB00EB0220EB0220EB0220EB0220EB0220EBBE
:101BFB000220EB021F880220EB0220EB0220EB02FB
:101C0B0020EB0220EB0220EB0220EB0220EB022068
:101C1B00EB0220EB021C61021C7C0220EB021D1666
:101C2B000220EB0220EB021C7C0220EB0220EB02D9
:101C3B0020EB0220EB0220EB021F2002204E0220A1
:101C4B00EB0220EB0220020220EB021EB70220EB7C
:101C5B000220EB021F887E1F03DE1B367A1F03DE7A
:101C6B007E0F03DE6930000290040B7AEB700220CA
:101C7B00D37E1F03DE1B367A1F03DE7E0F03DE6966
:101C8B003000020B0A2090042D793E00021BEA2043
:101C9B00740A7AB303E67E14040C7E04000174010B
:101CAB00129B54900431F090042D693E00020BEA14
:101CBB0020BE180000581C742D9004317EEBA00A36
:101CCB004A2E44040C7A91827A8183F09004317C01
:101CDB00BA04F07E14040C7E040001900431E00A77
:101CEB003B6D2212B887900431E00A3BCA397E342F
:101CFB00040C7E2400017F0312C1BE1BFD90043136
:101D0B00E00A3B2D73900431021FEE7E1F03DE1B96
:101D1B00367A1F03DE7E0F03DE693000020B0A20CA
:101D2B00900453793E00021BEA20740A7AB303E64F
:101D3B0012043E7E1404327E0400017401129B5483
:101D4B00900457F0900453691E00020BEA009F1198
:101D5B001203AD281C742D9004577EEBA00A4A2E5B
:101D6B004404327A91827A8183F09004577CBA04CE
:101D7B00F07E1404327E040001900457E00A3B6DA0
:101D8B002212B887900457E00A3BCA397E340432DA
:101D9B007E2400017F0312C1BE1BFD900457E00A95
:101DAB003B2D73900457E00A1B6D00900406693EAF
:101DBB0000020BEA202F10793E00021BEA20900450
:101DCB005369FE00020BEAE07F1712043E7CB4124B
:101DDB0004017F017F171201D17E1424007E044978
:101DEB007412028C900453793E00021BEA2090047B
:101DFB0053693E00020BEA20BE1800006818740AF3
:101E0B007AB303E612043E7E1404327E040001749E
:101E1B0001129B54801C7430900437F0900436F000
:101E2B00900435F0900434F0900433F0900432F0C9
:101E3B007406900457F07E70308018900457E00AB7
:101E4B002B2E2404327A51827A41837AEB709004E0
:101E5B005704F09004577EEBA0BEA00640DD742E15
:101E6B000A4A2E4404327A91827A8183F090045785
:101E7B007CBA04F07E1404327E040001900457E017
:101E8B000A3B6D2212B887900457E00A3BCA397E91
:101E9B003404327E2400017F0312C1BE1BFD90046B
:101EAB0057E00A3B2D73900457021FEE7E1F03DE93
:101EBB001B367A1F03DE7E0F03DE693000020B0A2E
:101ECB0020900479793E00021BEA20740A7AB3034E
:101EDB00E67E1404587E040001E4129B5490047DAA
:101EEB00F07E1404587E0400010A3B6D2212B88761
:101EFB0090047DE00A3BCA397E3404587E240001ED
:101F0B007F0312C1BE1BFD90047DE00A3B2D739035
:101F1B00047D021FEE7E1F03DE1B367A1F03DE7E5F
:101F2B000F03DE693000020B0A2090049F793E00FC
:101F3B00021BEA2074087AB303E67E14047E7E0447
:101F4B000001E4129B549004A3F07E14047E7E04E3
:101F5B0000010A3B6D2212B8879004A3E00A3BCA2A
:101F6B00397E34047E7E2400017F0312C1BE1BFD2B
:101F7B009004A3E00A3B2D739004A380667E1F039D
:101F8B00DE1B367A1F03DE7E0F03DE693000020B89
:101F9B000A209004C5793E00021BEA2074107AB324
:101FAB0003E67E1404A47E040001E4129B54900407
:101FBB00C9F07E1404A47E0400010A3B6D2212B802
:101FCB00879004C9E00A3BCA397E3404A47E2400FE
:101FDB00017F0312C1BE1BFD9004C9E00A3B2D73A8
:101FEB009004C9E00A1B6D00900406693E00020BC9
:101FFB00EA202F100220E47E1F03DE1B367A1F031C
:10200B00DE7E0F03DE693000020B0A2080257E1F67
:10201B0003E27E1B707A3B700B74900406693E00E2
:10202B00020BEA200B1C793E00021BEA207E1F03E9
:10203B00E20B347A1F03E27E1F03E27E1BB070CEED
:10204B000220EB7E1F03DE1B367A1F03DE7E0F039F
:10205B00DE693000020B0A209004EB793E00021B74
:10206B00EA2074107AB303E67E1404CA7E040001DE
:10207B00E4129B547E1404CA7E0400017E180008EF
:10208B0012B8877E340008CA397E3404CA7E240015
:10209B00017F0312C1BE1BFD2E740008900406695C
:1020AB003E00020BEA202E180008802D74257A3B87
:1020BB00B00B74900406693E00020BEA200B1C80E7
:1020CB00187E1F03DA7E1B707A3B700B749004062C
:1020DB00693E00020BEA200B1C793E00021BEA2032
:1020EB007E1F03DA0B347A1F03DA7E1F03DA7E1BA3
:1020FB00B06003021B37900406693E00020BEA2016
:10210B00DA3B22000000000000000000000000008D
:10211B000000000000000808080808080800000874
:10212B0008000000482424120000000000000000FA
:10213B000000000000004848487E2424247E24240C
:10214B002400000000103C5252121C3050505252CE
:10215B003C1010000000222515150D2A585454521E
:10216B002200000000000C1212120A762529199188
:10217B006E000000060404020000000000000000D6
:10218B000000000040201010080808080808101074
:10219B00204000000204080810101010101008084E
:1021AB000402000000000008086B1C1C6B080800F0
:1021BB000000000000000000101010FE10101000B6
:1021CB0000000000000000000000000000000006FE
:1021DB0004040200000000000000007E000000006C
:1021EB0000000000000000000000000000000006DE
:1021FB0006000000004020202010100808080404EE
:10220B000202000000001824424242424242422491
:10221B00180000000000101C1010101010101010EF
:10222B007C00000000003C42424240201008044267
:10223B007E00000000003C424240201820404242F9
:10224B003C000000000020303028242422FE2020F7
:10225B00F800000000007E0202021E2240404222D3
:10226B001C0000000000182402023A46424242447D
:10227B003800000000007E422020101008080808DB
:10228B000800000000003C42424224182442424213
:10229B003C00000000001C22424242625C40402491
:1022AB0018000000000000000018180000000018C3
:1022BB0018000000000000000000080000000000F3
:1022CB000808080000004020100804020408102031
:1022DB004000000000000000007E00007E000000B7
:1022EB000000000000000204081020402010080429
:1022FB000200000000003C42424620101010001863
:10230B001800000000001C225A55555555553A42ED
:10231B003C00000000000808181414243C22424220
:10232B00E700000000001F2222221E22424242220E
:10233B001F00000000007C4242010101010142220A
:10234B001C00000000001F22424242424242422235
:10235B001F00000000003F4212121E1212024242E6
:10236B003F00000000003F4212121E121202020236
:10237B000700000000003C222201010171212222F2
:10238B001C0000000000E7424242427E42424242B1
:10239B00E700000000003E080808080808080808C5
:1023AB003E00000000007C101010101010101010D8
:1023BB0010110F0000007722120A0E0A12122222AD
:1023CB007700000000000702020202020202024232
:1023DB007F00000000007736363636362A2A2A2A46
:1023EB006B0000000000E346464A4A5252526262BA
:1023FB004700000000001C22414141414141412264
:10240B001C00000000003F424242423E0202020218
:10241B000700000000001C224141414141414D3267
:10242B001C60000000003F4242423E121222224238
:10243B00C700000000007C424202041820404242C8
:10244B003E00000000007F4908080808080808083B
:10245B001C0000000000E74242424242424242421C
:10246B003C0000000000E742422224241414180808
:10247B000800000000006B2A2A2A2A2A361414149A
:10248B00140000000000E7422424181818242442EA
:10249B00E70000000000772222141408080808083F
:1024AB001C00000000007E21201010080404424292
:1024BB003F00000078080808080808080808080802
:1024CB0008780000000204040408080810102020FB
:1024DB00204040001E101010101010101010101083
:1024EB00101E000018240000000000000000000077
:1024FB0000000000000000000000000000000000D1
:10250B000000FF00060800000000000000000000B3
:10251B00000000000000000000001C22302C2232C2
:10252B006C0000000000000302021A264242422601
:10253B001A000000000000000000384402020244B0
:10254B00380000000000006040407C424242426282
:10255B00DC0000000000000000003C42427E024212
:10256B003C0000000000003048083E08080808083E
:10257B003E0000000000000000007C22221C023CF8
:10258B0042423C000000000302023A4642424242F1
:10259B00E700000000000C0C00000E0808080808FB
:1025AB003E000000000030300000382020202020AA
:1025BB0020221E0000000003020272120A0E1222D9
:1025CB00770000000000080E080808080808080833
:1025DB003E0000000000000000007F929292929259
:1025EB00B70000000000000000003B4642424242A0
:1025FB00E70000000000000000003C424242424263
:10260B003C0000000000000000001B264242422656
:10261B001A020700000000000000586442424264A6
:10262B005840E000000000000000774C0404040454
:10263B001F0000000000000000007C42023C4042F2
:10264B003E0000000000000008083E08080808488B
:10265B003000000000000000000063424242426272
:10266B00DC00000000000000000077222214140898
:10267B0008000000000000000000DB91525A2A24E1
:10268B00240000000000000000006E24181818241D
:10269B0076000000000000000000E7422424181818
:1026AB00080806000000000000007E221008084405
:1026BB007E000000C0202020202020102020202081
:1026CB0020C000101010101010101010101010104F
:1026DB00101010000304040404040408040404048C
:1026EB00040300045A20000000000000000000005A
:1026FB00000000CA3B7E14D0017E0400FF12B3B56C
:10270B00602912C72312C45712C27212C22B12C2F3
:10271B0007E47AB304F27AB304A212C90512B68A9B
:10272B007E14CFEE7E0400FF022C237E14CFE87EB6
:10273B000400FF12B3B5602712C45712C27212C243
:10274B002B12C20712BE59600B7E14CFD67E04002B
:10275B00FF022C237E14CFC27E0400FF022C237EAB
:10276B0014CFB97E0400FF12B3B5600512BE2980E9
:10277B002A7E14CFB07E0400FF12B3B5602312BEC5
:10278B0029120026600A7E14CF957E0400FF800874
:10279B007E14CF837E0400FF12C97912A0BE022CD7
:1027AB00267E14CF7B7E0400FF12B3B5603C12BEB5
:1027BB00297EB301937010120026700B7E14CF5C30
:1027CB007E0400FF022C237E3401907E2400051230
:1027DB005E65600B7E14CF4F7E0400FF022C237EC0
:1027EB0014CF3C7E0400FF022C237E14CF2F7E04DB
:1027FB0000FF12B3B5601B12C45712C27212C22B68
:10280B0012C207E412C6AF7E14CF1D7E0400FF0276
:10281B002C237E14CF107E0400FF12B3B5604A1236
:10282B00C9590A3B4D33781B12008E0A3B4D337846
:10283B001212C94A0A3B4D33780912C93B0A3B4D68
:10284B0033680B7E14CF027E0400FF022C2374012D
:10285B009000C9F07E34007D9000A61BEA307E14F8
:10286B00CEF07E0400FF022C237E14CEE27E040009
:10287B00FF12B3B5600E12C7237E14CECF7E0400B9
:10288B00FF022C237E14CECC7E0400FF12B3B56066
:10289B003812C9590A3B4D33781B12008E0A3B4D37
:1028AB0033781212C94A0A3B4D33780912C93B0AD5
:1028BB003B4D33680B7E14CF027E0400FF022C23AA
:1028CB0074019003E1F0022C267E14CEBF7E04002F
:1028DB00FF12B3B56003022ABC7E14CEB47E040093
:1028EB00FF12B3B5601E12C72312C207600B7E1412
:1028FB00CE997E0400FF022C237E14CE7E7E040034
:10290B00FF022C237E14CE717E0400FF12B3B50A96
:10291B003B4D3378227E14CE647E0400FF12B3B598
:10292B000A3B4D3378117E14CE577E0400FF12B351
:10293B00B50A3B4D33682F7E14CE717E0400FF1217
:10294B00B3B560077E340001022B4A7E14CE647E41
:10295B000400FF12B3B560077E340002022B4A7EDF
:10296B00340003022B4A7E14CE4C7E0400FF12B3BC
:10297B00B5601E12C72312C457600B7E14CE357E72
:10298B000400FF022C237E14CE257E0400FF022CB4
:10299B00237E14CE137E0400FF12B3B50A3B4D33D6
:1029AB0078367E14CE017E0400FF12B3B50A3B4D80
:1029BB003378257E14CDF77E0400FF12B3B50A3BA6
:1029CB004D3378147E14CDF17E0400FF12B3B50A9B
:1029DB003B4D337803022AAF7E14CE137E0400FFE7
:1029EB0012B3B50A3B4D3378227E14CE017E040020
:1029FB00FF12B3B50A3B4D3378117E14CDF77E042D
:102A0B0000FF12B3B50A3B4D3368057E700180029F
:102A1B006C777A7303A77E14CE137E0400FF12B378
:102A2B00B560057E70FF80147E14CE017E0400FF1E
:102A3B0012B3B560057E700180026C777A7303A8C0
:102A4B0012C72312C27212C22B12C207E47AB3044A
:102A5B00F27AB304A26D3312C83512C90512B68AC5
:102A6B007EB303A812C5341297C97F31BE3800005C
:102A7B006808E412C5347F038024E47AB306827EAF
:102A8B00B303A71257C6600E7EB303A77E7303A8CA
:102A9B0012A1CC022C267E14CDEB7E0400FF12BBC0
:102AAB0052022C267E14CEBF7E0400FF12B3B560FB
:102ABB00097401900350F0022C267E14CEB47E04D0
:102ACB0000FF12B3B5601B12C207600B7E14CE99C8
:102ADB007E0400FF022C237E14CE7E7E0400FF02B8
:102AEB002C237E14CE717E0400FF12B3B50A3B4D2E
:102AFB003378227E14CE647E0400FF12B3B50A3BFA
:102B0B004D3378117E14CE577E0400FF12B3B50AF5
:102B1B003B4D3368307E14CE717E0400FF12B3B58B
:102B2B0060067E34000180177E14CE647E0400FFA5
:102B3B0012B3B560067E34000280047E34000312AB
:102B4B008DA7022C267E14CDE07E0400FF12B3B5B8
:102B5B00601E12C72312C22B600B7E14CDD07E04D5
:102B6B0000FF022C237E14CDC07E0400FF022C2319
:102B7B007E14CDB87E0400FF12B3B5606912C72373
:102B8B0012C45712C27212C22B12C207E47AB304D8
:102B9B00F27AB304A212C90512001E600A7E14CD8C
:102BAB00A77E0400FF80717EB30193BEB002680A5A
:102BBB007E14CD977E0400FF805E7EB30211600A07
:102BCB007E14CD807E0400FF804E7E340003128F76
:102BDB00EA60097E34000312A2D3803F7E14CD6ECF
:102BEB007E0400FF80327E14CD677E0400FF12B39B
:102BFB00B50A3B4D3378117E14CD5B7E0400FF127A
:102C0B00B3B50A3B4D33680874019000CAF0800BD2
:102C1B007E14CD4B7E0400FF12C979E49000C8F0FE
:102C2B00DA3B22CA7BCA6BCA5BCA4BCA3BCA2BCAEA
:102C3B001BCA0BC0D0C083C08253887F12889A12E4
:102C4B00897F12C93B60061267E702312212008EA0
:102C5B00600612920D02312212C9596006123C19FC
:102C6B000231227EB304F2B4011912C5FA70147E3C
:102C7B00B30193B402067E34000180047E3400025B
:102C8B0012C0A67EB305F370067EB305F47005E49F
:102C9B007AB304F212C94A6007E47AB302F18026D0
:102CAB0012C5670A3B4D33680F120056700A7EB38C
:102CBB0002F17012740180077EB302F16008E47AAE
:102CCB00B302F112C9057E0804F3CA0B7E1F02C1C1
:102CDB0012043EDA0B12BF737E080374CA0B7E1FFD
:102CEB0002AC12043EDA0B12BF737E0803027E7332
:102CFB0003561A3712BF737E0803227E7305B50A7B
:102D0B003712B18B6D337E243F807A1F02BC7E3429
:102D1B00CCCD7E243E4C7A1F02E57E1F04D11204DB
:102D2B00C77E0F02E512028C7A1F034A6D117E04D7
:102D3B0043167A0F046D9F0012C3BF7A1F034AE438
:102D4B007AB303307EB302F160199F117A1F012908
:102D5B007A1F01857A1F02F27A1F02F67A1F032669
:102D6B00022FE712C94A7003022E066D337E243FF1
:102D7B00807A1F02B87E1F012D7A1F03FF7EB301DD
:102D8B00AF70031271237EB301AFB4011712A832D7
:102D9B007E0F03FF12028C7A1F03FF7E1F02FA12B3
:102DAB0092BA80117E1F02FA12B78B7F3112C14B80
:102DBB007F0312028C7A1F033A7E0F033A6D337E28
:102DCB00243F801201D17E0F03FF12028C7A1F0168
:102DDB00296D117E043F807E1F033A1201D47E0FB2
:102DEB0003FF12028C7A1F01857EB301AFB401027F
:102DFB008003022ECA1200A6022ECA7E0803F77E9B
:102E0B001803FB12AEC7600F7E1F03F77A1F012951
:102E1B007E1F03FB022EC612008612B8487A1F02D1
:102E2B00B87E0F034A7E1F012D1201D17A1F03FFBB
:102E3B009F779F001203AD50047A7F03FF7E0F0232
:102E4B00B87E1F03FF12028C7A1F03FF7E6F035B9A
:102E5B007F167F071203AD28167E0F00B97E1F0267
:102E6B00BC12028C7F0612032C7A1F033A80047A61
:102E7B007F033A7E0F01B07A0F046D7E1F033ACAAF
:102E8B001B7F101203F37F01DA1B12C3BF7F017A82
:102E9B001F033A6D337E243F801201D17E0F03FF57
:102EAB0012028C7A1F01296D117E043F807E1F0355
:102EBB003A1201D47E0F03FF12028C7A1F01851286
:102ECB00C94A60147E1F06041204C77A1F04037ECE
:102EDB001F06081204C7800C7E1F06047A1F04030A
:102EEB007E1F06087A1F04077E1800D97A1F040B71
:102EFB007E1F04037E0F01291282C212BD657F3132
:102F0B007E1801357A1F040B7E1F04077E0F018587
:102F1B001282C212BD657F717E1F02F27F03120106
:102F2B00D47A1F02F27E1F02F67F071201D47A1F9A
:102F3B0002F67EF4CCCD7EE43F4C7E1F02F27F077F
:102F4B0012028C7F517ED4CCCD7EC43E4C7E1F03AF
:102F5B00267F0612028C7F051201D47A1F02F27EA5
:102F6B001F02F67F0712028C7F717E1F03357F06CF
:102F7B0012028C7F071201D47A1F02F66D337E2466
:102F8B0044FA7A1F046D7E1F02F26D117E04C4FA9F
:102F9B0012C3BF7A1F02F26D337E2444FA7A1F04E8
:102FAB006D7E1F02F66D117E04C4FA12C3BF7A1F29
:102FBB0002F67E1F02F27E0F0129740112B4007A11
:102FCB001F02F27E1F02F67E0F0185740212B400FF
:102FDB007A1F02F67E0F02F27A0F03267A1F033551
:102FEB007E1F02F27A1F030A7E1F02F67A1F03125C
:102FFB0012C6400A3B4D33682D9F007E1F012D12D8
:10300B0003AD282212BA6D7A1F02F212BB8A7A1F05
:10301B0002F67E0F02F27A0F03267A1F03357A0F20
:10302B00030A7A1F031212C94A0A3B4D33685A7EB0
:10303B00B301AFB401539F007E1F012D1203AD28C6
:10304B00487E3701ADBE3400B4503E7E1F01FFBE3B
:10305B0018005050156DFF7EE4447A7E1F030A7FE3
:10306B00071203AD50047A7F030A7E1F01E0BE18DE
:10307B00005050156DFF7EE4447A7E1F03127F07CC
:10308B001203AD50047A7F03126D337E2444FA7A17
:10309B001F046D7E1F030A6D117E04C4FA12C3BF99
:1030AB007A1F030A6D337E2444FA7A1F046D7E1F48
:1030BB0003126D117E04C4FA12C3BF7A1F03127E72
:1030CB001F06047A1F040F7E1F06087A1F04137E47
:1030DB001F019E7A1F04177E1F02987A1F041B7E06
:1030EB001F01297E0F01857EB304F2B4010A7EB362
:1030FB0002F1700474018001E41255537EB304F2A3
:10310B00B4020E9F117A1F03787A1F02F27A1F0204
:10311B00F612C07B126074D082D083D0D0DA0BDA77
:10312B001BDA2BDA3BDA4BDA5BDA6BDA7B32CA3B34
:10313B007A0F03A77D736D669003E21BEA609F1104
:10314B009003E4793E00021BEA207E1F03ABBE18FE
:10315B002710380474018001E47E14E84A7E0400D1
:10316B00FF7E3400AD12B2807D376C667E24000189
:10317B0074017E1400101295537E1F06877E0F0379
:10318B00A7120B217D126D007D629003E4793E0046
:10319B00021BEA200B14120B1F1B1C9003E4793E3D
:1031AB0000021BEA207E1F03ABBE1827106827E422
:1031BB001204017E1440007E04461C12032C7F0176
:1031CB009003E4693E00020BEA20E41204011202B0
:1031DB008C12043E80099003E4693E00020B34908C
:1031EB0003E21BEA301A3E7C765E3400011A261A83
:1031FB00247F212F212F222E4400FF2E28E87469D3
:10320B003200020B2A207A1BC01A3E7C765E3400F9
:10321B00011A261A247F212F212F227F722EE400E0
:10322B00FF2E78E874693700020B7A200B1C7A1B8F
:10323B00D09003E4693E00027C362E4400FF2E281A
:10324B00E89C693200020B2A207A1B309003E46958
:10325B001E00021A3E7C765E3400011A261A247F69
:10326B00212F212F227F722EE400FF2E78E89C69FC
:10327B003700020B7A200B1C7A1B309003E20BEA0F
:10328B00300A161A3E0E340E340E340E345E3400F1
:10329B00071A261A242F127F212F212F222E4400AA
:1032AB00FF2E28E87C693200020B2A207A1B309013
:1032BB0003E20BEA601A5E7CBA5E5400017D151ABC
:1032CB000A1A007F602F602F661A4E0E440E440EB2
:1032DB00440E445E4400077DF41A381AE67F162F1D
:1032EB00172F112F117F712EE400FF2E78E87C69C8
:1032FB003700020B7A200B1C7A1BD04D556803024A
:10330B0033EB7D343E341A2E0E240E240E247D52C4
:10331B005E5400012D537E3400017DF360053EF4B5
:10332B001478FB7D5F7CAB7EF4FEB17EE4007E7E89
:10333B007BB04CBA7A7BB01A5E0E540E540E540E00
:10334B00545E5400073E541A6E0E647DF65EF40014
:10335B000360053EF41478FB7D5F7CAB7EF4FEB21C
:10336B007EE4007E7E7BB04CBA7A7BB05E2400019B
:10337B003E241A5E0E540E540E540E545E5400012D
:10338B003E543E542D5260053E341478FB7C677FCF
:10339B00602F601A5E0E540E540E540E547DF55E63
:1033AB00F400020EF47D2F1A241AE42F767F672F78
:1033BB00672F662EC400FF2E68E8A469F600020B87
:1033CB006AE07E7B704C767A7B7074807E34FEDD97
:1033DB007E24007E7A1BB074017E34FEC00234C1A1
:1033EB001A5E7CBA5E540001BE54000168030234BD
:1033FB00C83E441A5E0E540E540E545E5400012DFA
:10340B00547E3400017D2360053E241478FB7C45FB
:10341B007E54FEB57E44007E7E2B504C547A2B504E
:10342B001A5E0E540E540E540E545E5400073E5446
:10343B001A2E0E245E24000360053E241478FB7CB8
:10344B00457E54FEB67E44007E7E2B504C547A2B28
:10345B00501A5E0E540E540E540E545E5400013E20
:10346B00543E5460053E341478FB7C677F202F203C
:10347B001A1E0E140E140E140E145E1400020E14EB
:10348B001A021A002F027F202F202F222E4400FF1A
:10349B002E28E8A4691200020B2A007E0B704C76D2
:1034AB007A0B7074807E34FEFD7E24007E7A1BB016
:1034BB0074017E34FEE07E24007E7A1BB01A3E7CC3
:1034CB00765E3400011A261A247F012F012F001A71
:1034DB003E0E340E340E340E345E3400071A261AA8
:1034EB00242F107F012F012F002E0400FF2E08E840
:1034FB00B4693000020B0A207E1BB044607A1BB00B
:10350B001A3E7C765E3400011A261A247F012F01A5
:10351B002F001A3E0E340E340E340E345E34000778
:10352B001A261A242F107F012F012F002E0400FFC3
:10353B002E08E8B4693000020B0A207E1BB0440849
:10354B007A1BB0DA3B22CA3B7F307A2703A97A3742
:10355B0003A79F119003E2793E00021BEA207E270E
:10356B0003AD6C557E3703AB6C77BD326810E47ED0
:10357B0014EB957E0400FF7E3401D812B2807E37A7
:10358B0003AB6C667E24000174017E14001012954F
:10359B00537E3703AD6C667E24000174017E1400EC
:1035AB00101295537E3703AFBE34FFFF680B6C666A
:1035BB006D116D2274011295537E3703B1BE34FF2A
:1035CB00FF680E6C667E240001E47E1400101295D9
:1035DB0053BE38968040387E3703AB6C666D221233
:1035EB0062727E3703AD6C666D221262727E370398
:1035FB00AFBE34FFFF68076C666D221262727E37B6
:10360B0003B1BE34FFFF68076C666D221262727ED7
:10361B00F703A74DFF68030236D653A2F37EE703E9
:10362B00AB7D3E1A367DE35EE400031BE468141B9E
:10363B00E468151BE468162EE400037813E5A2F585
:10364B00A2800D43A204800843A208800343A20C6E
:10365B0075CE0043CE8043CE107E1F06877F0312AC
:10366B000B219003E2793E00021BEA2053CEFCBEF5
:10367B00180008280543CE02802E9003E2693E0015
:10368B00020BEA20BE180004280543CE01801990D6
:10369B0003E2693E00020BEA20BE1800022806E591
:1036AB00CEF5CE800343CE037EE703A91BE5680D61
:1036BB001BE4680E0BE5780D43CE04800843CE085F
:1036CB00800343CE0C43CE400238C9BEF4000168E0
:1036DB00030237CC6D337E24000212C24F7E14EBF3
:1036EB00957E0400FF7E34024712B28053BBF37EFB
:1036FB003703AB1A365E3400031B3468141B346873
:10370B00151B3468162E3400037813E5BBF5BB800C
:10371B000D43BB04800843BB08800343BB0C759867
:10372B001074107EF4FDC07EE4007E7A7BB07E1FA9
:10373B0006877F03120B219003E2793E00021BEAFE
:10374B0020BE180008280F7E34FDC37E24007E7E29
:10375B001BB04402801D9003E2693E00020BEA207D
:10376B00BE18000428127E34FDC37E24007E7E1B0F
:10377B00B044017A1BB0800E7E14FDC37E04007E24
:10378B007E0B707A0B707E3703A91B34681A1B34BF
:10379B00681D1B3468202E34000368030238C17E79
:1037AB007B707A7B700238C17E7BB04401800C7ECB
:1037BB007BB0440280057E7BB044037A7BB0023839
:1037CB00C17E3703A7BE34000268030238C97E34BA
:1037DB0000017E24000212C24F7E14EB957E040082
:1037EB00FF7E34029912B28053BBCF7E3703AB1AE4
:1037FB00365E3400031B3468141B3468151B3468A5
:10380B00162E3400037813E5BBF5BB800D43BB10BC
:10381B00800843BB20800343BB30759A1074107E25
:10382B00F4FDC87EE4007E7A7BB07E1F06877F03A3
:10383B00120B219003E2793E00021BEA20BE180016
:10384B0008280F7E34FDCB7E24007E7E1BB0440205
:10385B00801D9003E2693E00020BEA20BE180004B3
:10386B0028127E34FDCB7E24007E7E1BB044017A71
:10387B001BB0800E7E14FDCB7E04007E7E0B707A17
:10388B000B707E3703A91B3468161B3468191B3465
:10389B00681C2E340003781E7E7B707A7B7080163A
:1038AB007E7BB04401800C7E7BB0440280057E7B26
:1038BB00B044037A7BB07E7BB044087A7BB0DA3BB2
:1038CB0022CA7912C5CA7D734D737803023C1690D8
:1038DB0003511BEA7012C9369003531BEA3012BF17
:1038EB00F9900355793E00021BEA2012BFCD9003DD
:1038FB0059793E00021BEA2012C86590035D793EA0
:10390B0000021BEA2012C855900361793E00021B8E
:10391B00EA2012AA099003651BEA307E3701AD90AD
:10392B0003671BEA307E1F01FF900369793E00029B
:10393B001BEA207E1F01E090036D793E00021BEA1B
:10394B00207EB301EB900371F07E3701A4900372DC
:10395B001BEA307E1F01FB900374793E00021BEAC9
:10396B00207E1F01D7900378793E00021BEA20903E
:10397B0003720BEA304D3378267E3701AD9003721C
:10398B001BEA307E1F01FF900374793E00021BEA95
:10399B00207E1F01E0900378793E00021BEA207E17
:1039AB00B3023090037CF07E3701A290037D1BEABB
:1039BB00307EB3023290037FF07E3701AB900380F1
:1039CB001BEA3012C9549003821BEA3012C94F9084
:1039DB0003841BEA307E37023B9003861BEA307E62
:1039EB0037022B9003881BEA307E37025A90038AEA
:1039FB001BEA307E37024490038C1BEA307EB30106
:103A0B00AF900396F07EB3025D900397F07EB30107
:103A1B00D1900398F09006A2E0900399F09006A540
:103A2B000BEA3090039A1BEA30900673693E000252
:103A3B000BEA2090039C793E00021BEA209006B70C
:103A4B00693E00020BEA209003A0793E00021BEABC
:103A5B00209006870BEA309003A41BEA3090067E79
:103A6B000BEA309003A61BEA309006B50BEA3090B8
:103A7B0003A81BEA30900684E09003AAF090067B23
:103A8B00E09003ABF0900677E09003ACF0900678F3
:103A9B00E09003ADF0900680E09003AEF090069AB4
:103AAB000BEA309003AF1BEA309006A70BEA30907D
:103ABB0003B11BEA3090067DE09003B3F090069EB5
:103ACB000BEA309003B41BEA3090068E0BEA309071
:103ADB0003B61BEA30900683E09003B8F0900679AA
:103AEB00E09003B9F090067AE09003BAF090068567
:103AFB00E09003BBF09006A30BEA309003BC1BEAEB
:103B0B00309006AF0BEA309003BE1BEA3090069163
:103B1B00E09003C0F0900682E09003C1F090069411
:103B2B000BEA309003C21BEA309006920BEA3090FE
:103B3B0003C41BEA309006B10BEA309003C61BEAB4
:103B4B00309006980BEA309003C81BEA3090068A37
:103B5B000BEA309003CA1BEA30900686E09003CC48
:103B6B00F090069C0BEA309003CD1BEA309006AB2D
:103B7B000BEA309003CF1BEA309006A00BEA309093
:103B8B0003D11BEA309006960BEA309003D31BEA65
:103B9B003090068DE09003D5F0900690E09003D620
:103BAB00F09006A90BEA309003D71BEA30900689F8
:103BBB00E09003D9F090067CE09003DAF090068158
:103BCB00E09003DBF090068CE09003DCF09006AD08
:103BDB000BEA309003DD1BEA309006B30BEA309012
:103BEB0003DF1BEA3012AC8390038E793E00021B7D
:103BFB00EA20129A29900392793E00021BEA207464
:103C0B00017AB306829000801BEA70DA7922CA3BF4
:103C1B007EB302137003023F5E7EB30193BEB0020C
:103C2B00680B7E3400087E240002023F597EB302EB
:103C3B001160097E3400096D22023F597EB30241A7
:103C4B00701B7EB301F6BEB001681D7EB301F6BEDC
:103C5B00B00268147EB301F6BEB003680B7E34006D
:103C6B00097E240001023F5912C3FDBEB003680B4D
:103C7B007E34000A7E240009023F597E6702657E6E
:103C8B007702497E7301F2BE70003803023D239F19
:103C9B0011127BEF9F1112796A7E370272BD36507B
:103CAB00047A6702727E370250BD3750047A77026E
:103CBB0050BE6400043806BE740004280C7EB302A8
:103CCB004BBEB0FF5008048001E47AB3024B7E7305
:103CDB00024BBE7003400B7E34000B7E24000A02A5
:103CEB003F597EB301F2147AB301F26003023F5ED7
:103CFB006D3312B22F7E34000312B22F6D337A372D
:103D0B0002657A3702499F117A1F01C77A1F01B4E6
:103D1B00E47AB3024B023F5E7EB301F6BEB002689B
:103D2B00057E700180026C777A73040F7EB301F607
:103D3B00BEB00168057E700180026C777A73041047
:103D4B007EB301F6B4031E6D337E2444FA127BEF6F
:103D5B006D337E2444FA12796A6D337A37040B7A09
:103D6B0037040D80357EB301F6B401186D337E2414
:103D7B0044FA127BEF9F1112796A7A67040B7A77F8
:103D8B00040D80169F11127BEF6D337E2444FA12C3
:103D9B00796A7A77040B7A67040D7D166D007E1CA9
:103DAB00FFFF7F219F207E0F0280BF0238107D56C0
:103DBB006D447E0F02802F027A0F028080047A1FDF
:103DCB0002807D176D007F219F207E0F0255BF0261
:103DDB0038107D576D447E0F02552F027A0F025516
:103DEB0080047A1F02557E370270BD3650047A6705
:103DFB0002707E37024DBD3750047A77024D7EB389
:103E0B0001F6B4030CBE6407D03823BE7407D03858
:103E1B001D7EB301F6BEB00368207E37040BBE34A3
:103E2B0007D0380A7E37040DBE340014280C7EB33D
:103E3B00024BBEB0FF5008048001E47AB3024B7E04
:103E4B0073024BBE7003400B7E34000B7E24000AC2
:103E5B00023F597E3400C89E37022EBE3400645098
:103E6B0003023F377E73040F4C776812BE64000168
:103E7B00380C7EB30274BEB0FF5008048001E47AA4
:103E8B00B302747EA304104CAA6812BE74000138EE
:103E9B000C7EB30252BEB0FF5008048001E47AB32B
:103EAB0002524C7768167E1F01C7BE1CFFFF580CD1
:103EBB007EB301BBBEB0FF5008048001E47AB301AE
:103ECB00BB4CAA68167E1F01B4BE1CFFFF580C7EAC
:103EDB00B30199BEB0FF5008048001E47AB3019995
:103EEB007E7301BBBE7003400A7E3400067E240045
:103EFB0005805B7E730199BE7003400A7E34000718
:103F0B007E24000680487E730274BE7014400A7EC5
:103F1B003400047E24000380357E730252BE70147D
:103F2B00400A7E3400057E24000480227E37022E58
:103F3B00BE340000280A7E37022E1B347A37022E3D
:103F4B007E37022E4D33780B7E3400026D227401C6
:103F5B0012ABB7DA3B22CA3B7F317EB3057E7010C2
:103F6B007E3705574D33680312B0347F130242621C
:103F7B007E3705520B347A3705527E570557BE54A0
:103F8B000009400302425D7EA003A4903F9A730296
:103F9B003FB50240090240370240AD0240DB02410F
:103FAB000902416D0241AF02420912A6C17AB30464
:103FBB006160217E3400017A3705577E7304617A84
:103FCB0073057D74017AB305B36D337A3705527F70
:103FDB00130242621293667AB30461601C7E340052
:103FEB00047A3705577E7304617A73057D74017A01
:103FFB00B305B36D337A3705527F1302426212A6B3
:10400B00C17AB304617EA3057DBEA3046178157EDE
:10401B00B305B3047AB305B3BEB003400A7CBA123E
:10402B00BA33800312B0347F130242627E370552DB
:10403B007A37054A7E1F030212C7477E0F054C12C3
:10404B0003AD400B7F1312B9410A3B4D33781A7EF7
:10405B001F030212C7477E0F059B1203AD500A7E4A
:10406B00370552BE34008C40347E3400037A37055A
:10407B005774027AB305356D337A370552E47AB348
:10408B0005B67AB303567AB305B59F117A1F03228F
:10409B007E1F02D112043E12C83512C9057F1302CE
:1040AB0042627F1312B94160077EB305B6048001EB
:1040BB00E47AB305B67E7305B6BE7019500A7E3727
:1040CB000552BE34008C400312B0347F130242629F
:1040DB001293667AB304617EA3057DBEA304617857
:1040EB00157EB305B3047AB305B3BEB003400A7CA7
:1040FB00BA12AF80800312B0347F130242627E0F7C
:10410B00052D7E1F03221203AD40297E3400067A53
:10411B0037055774027AB3056B6D337A370552E462
:10412B007AB305B59F117A1F04F37E243F807A1F63
:10413B0002C1800D7E370552BE3401F4400312B02C
:10414B00347E43057D7CB412040B6D117E043E80DE
:10415B0012028C7E0F057012028C7F031201D402A7
:10416B0042627E1F04F312C7477E0F05A31203ADF5
:10417B0040167E3400077A37055774047AB3056B03
:10418B006D337A370552800D7E370552BE3401F4FC
:10419B00400312B0347E43057D7CB412040B7E0FBA
:1041AB00057080557E1F04F312C7477E0F05AB12B7
:1041BB0003AD402B7E3400087A37055774067AB36B
:1041CB00056B6D337A370552E47AB305B69F117AD6
:1041DB001F02C174017AB305B57A1F0322800D7ECD
:1041EB00370552BE3401F4400312B0347E43057DD3
:1041FB007CB412040B7E0F058B12028C80597E0F40
:10420B00053A7E1F03221203AD401E7F1312B941E4
:10421B000A3B4D3368137EB305B6047AB305B67EFD
:10422B004305B6E412040B8007E47AB305B69F117D
:10423B007A1F05637E1F058F12043EBE7305B628D9
:10424B000A7E370552BE3401F4400312B0347F139B
:10425B00800512B0347F13DA3B22CA3B7A1F03A7C7
:10426B007F306D337A3703B19F119003E6793E00AF
:10427B00021BEA209003EA793E00021BEA20BE38BB
:10428B000000680474018001E47E14EB157E0400C9
:10429B00FF7E34016912B2807E1F03AB4D2368048D
:1042AB0074018001E47E14EB157E0400FF7E340163
:1042BB006A12B2807E1F03A74D23780B7E34000356
:1042CB007A3703B10244E57E3B700A375E34000354
:1042DB0068149F007E1F03AB791100021B1A007E2E
:1042EB003400060244F77F0312BC667F219003EA79
:1042FB00793E00021BEA207E0F03AB693000020BF4
:10430B000A20BF12282F9003EA693E00020BEA2015
:10431B00793000021B0A207E3400077A3703B190F4
:10432B0003EA693E00020BEA204D2378087E3BB07E
:10433B0054F70245387E3BB044087A3BB0693300F2
:10434B000D6923000B69530015694300139F2190DE
:10435B0003E6795E00021BEA407E7F03AB69170020
:10436B00020B7A00BF023858695300011B546811C5
:10437B001B5468230B5568030244DDCA197D138057
:10438B002E7E0F03AB693000023E34CA396933000D
:10439B000D7D133E1480187E0F03AB693000023E77
:1043AB00343E34CA396933000D7D133E143E146913
:1043BB00330005692300032D317E0F03A70244D878
:1043CB00693300011B3468591B34780302447F0B9B
:1043DB003568030244DD9003E6693E0002CA396981
:1043EB0033000D7D1369330005692300032D317EE6
:1043FB000F03A712C1BE1BFD7E0F03AB693000027A
:10440B000B0A207D139003E6693E00029D13CA1927
:10441B007E0F03A72D1369330005692300030244A4
:10442B00D89003E6693E00023E34CA396933000D69
:10443B007D133E1469330005692300032D317E0F74
:10444B0003A712C1BE1BFD7E1F03AB691100020B3C
:10445B001A009003E6693E00020BEA209F013E140E
:10446B00CA193E347E0F03A72D1369330005692348
:10447B00000380599003E6693E00023E343E34CA85
:10448B00396933000D7D133E143E14693300056901
:10449B002300032D317E0F03A712C1BE1BFD7E1F10
:1044AB0003AB691100020B1A009003E6693E000290
:1044BB000BEA209F013E143E14CA193E343E347E53
:1044CB000F03A72D13693300056923000312C1BE27
:1044DB001BFD7E3BB054F77A3BB07E3703AF4D33B9
:1044EB00784E7E3BB0B40B0A7E3400027A3703B1B0
:1044FB00803E44027A3BB07F037E2F03AB693200D0
:10450B00020B2A2012B6007E1F03AB695100020B6F
:10451B001A407F032E14000F693000020B0A202F64
:10452B0012793000021B0A207E3BB054FD7A3BB05F
:10453B007E3703B1DA3B22CA3B7EB30347B4024A50
:10454B007E270348E41204066D117E0441A012037A
:10455B002C12BAE07F717A1F04697E341EB87E2458
:10456B003D857F0712028C7E1447AE7E043E61129E
:10457B0001D47F316D337E2442707F0712028C6D24
:10458B00117E04428C1201D480687EB30347B404BD
:10459B00536D117E0443117E1F03161201D16D1151
:1045AB007E0441D812032C12BAE07F717A1F046982
:1045BB007E3466667E243E667F0712028C7F017E08
:1045CB0034EB857E243E911201D17F316D337E24F5
:1045DB0042BE7F0712028C7F016D337E2443021291
:1045EB0001D1800E7E74EB857E643E916D337E240B
:1045FB0043027A1F03977E1F029C1204C77F017A26
:10460B001F03677E1F03971201D17A1F04617E146B
:10461B00D70A7E043C2312028C7E0F02E11201D4D6
:10462B007A1F02E16D337E2442207A1F046D7E1FB8
:10463B0002E16D117E04C22012C3BF7A1F02E16D2D
:10464B00117E0443027E1F03161201D16D117E04ED
:10465B00417012032C12BAE07F717E342DE07E2460
:10466B003A107F0712028C7E1449527E043A1D12B7
:10467B0001D47F517E34CCCD7E243DCC7F071202FA
:10468B008C7E14D70A7E043D231201D47F717E0FDA
:10469B0002E17E34B7177E24395112028C7F617E82
:1046AB000F04617F1512028C7F061201D47F017EED
:1046BB0034CCCD7E243D4C7A1F046DCA0B7F171270
:1046CB0003F37F01DA1B12C3BF7F017E3451EC7EF3
:1046DB00243EB87A1F046D7F131201D47E14D70ABF
:1046EB007E04BD2312C3BF7F316D117E0442B47EA5
:1046FB001F03161201D16D117E04425C12032C12A2
:10470B00BAE07F017E34CCCD7E243ECC12028C7E6F
:10471B0014999A7E043E191201D47A1F04657E1FE8
:10472B0002FA12A9957E0F046512028C7F717E34FA
:10473B0051EC7E243EB87A1F046D7E43025D7CB43F
:10474B0012040B7F0312028C7F071201D47E1451CB
:10475B00EC7E04BEB812C3BF7A1F03706DFF7EE4FC
:10476B0041207E1F03977F0712028C12043E900696
:10477B00941BEA307E1F03677F0712028C12043EE4
:10478B009006921BEA307E1F04611204C76D117EE6
:10479B0004412012028C12043E9006B10BEA20BD9C
:1047AB003228069006B11BEA30900686E0705C6DED
:1047BB00117E0442B47E7F03167F171203AD404B6C
:1047CB006D117E0441207F1712028C12043E90065D
:1047DB009C1BEA309006940BEA309006AB1BEA3038
:1047EB009006920BEA309006A01BEA307E1F030660
:1047FB001204C76D117E04447A12028C12043E908F
:10480B0006961BEA307401900686F0DA3B227E3462
:10481B0000171285CC6002E4226D339000841BEAF2
:10482B003012BC997E14CCF67E0400FF12BEB81277
:10483B00A3D27E14CCEE7E0400FF12BEB8129A29CE
:10484B007E14CCE47E0400FF12BEB812001E600A78
:10485B007E34CCD67E2400FF80087E34CCD27E24DE
:10486B0000FF7E14CCD97E0400FF12BEB87E14CCA0
:10487B00C97E0400FF9000C9E0600A7E34CECC7E76
:10488B002400FF80087E34CCD27E2400FF12BEB8F9
:10489B007E14CCBF7E0400FF7EB3024170067E34D3
:1048AB00000180026D331A261A2412BF167E14CC17
:1048BB00BE7E0400FF7E34CCBB7E2400FF12BEB84C
:1048CB0012BCFF7E14CCB57E0400FF12BEB812944E
:1048DB00B17E14CCB17E0400FF12BEB812C8DB6DE2
:1048EB00227E14CCAD7E0400FF12BF167E14CCA921
:1048FB007E0400FF7E1803E812BF1612BBF97E146C
:10490B00CCA57E0400FF12BF1612BDC86D227E140B
:10491B00CCA07E0400FF12BF167E14CCBE7E04001A
:10492B00FF7E34CCBB7E2400FF12BEB812C1987E32
:10493B0014CC9A7E0400FF12BEB812B7CA7E14CCF8
:10494B00B17E0400FF12BEB81201BE6D227E14CCE4
:10495B00957E0400FF12BF167E14CCBE7E0400FFB2
:10496B007E34CCBB7E2400FF12BEB812AC837E1407
:10497B00CC8F7E0400FF12BEB81201AE6D227E14E6
:10498B00CC957E0400FF12BF167E14CC8B7E0400E8
:10499B00FF7E1800B412BF1612C9450A3B6D227E6A
:1049AB0014CC877E0400FF12BF167E14CCBE7E048F
:1049BB0000FF7E34CCBB7E2400FF12BEB87E14CC2D
:1049CB007C7E0400FF7E3702656D2212BF167E14BB
:1049DB00CC757E0400FF7E3702496D2212BF167E16
:1049EB0014CC6B7E0400FF7E1F01C712BEE77E1442
:1049FB00CC617E0400FF7E1F01B412BEE712C3FD23
:104A0B0054010A3B4D3368067E34000180026D333E
:104A1B006D227E14CC5A7E0400FF12BF1612C3FD0A
:104A2B0054020A3B4D3368067E34000180026D331D
:104A3B006D227E14CC537E0400FF12BF167E14CC65
:104A4B00BE7E0400FF7E34CCBB7E2400FF12BEB8BA
:104A5B007E14CC457E0400FFCA0B7E1F019E120400
:104A6B003EDA0B12BEE77E14CC3E7E0400FFCA0B6F
:104A7B007E1F029812043EDA0B12BEE712C6297E85
:104A8B0014CC377E0400FF12BEB812C54E7E14CC78
:104A9B00317E0400FF12BEB87E14CC2A7E0400FFC8
:104AAB009000CBE00A3B6D2212BF167E14CCBE7E6B
:104ABB000400FF7E34CCBB7E2400FF12BEB89000F6
:104ACB00840BEA20BE2402804002E4227E340003E1
:104ADB007E1400CC7E0400011281B1740122CA3B0A
:104AEB007A1F03A87F306D337A3703B09F11900381
:104AFB00E2793E00021BEA20BE3800006804740114
:104B0B008001E47E14EB157E0400FF7E3400B612A8
:104B1B00B2807E1F03A84D2378067E340003800FDE
:104B2B007E3BB00A3B5E340005680B7E3400047A92
:104B3B003703B0024D8C44047A3BB06933001169E2
:104B4B0023000F7E2F03ACBF212803024D7C69335A
:104B5B0000096923000769130015690300139F01FE
:104B6B009003E2791E00021BEA00BF203803024CBF
:104B7B00D4691300011B1468621B147803024C499F
:104B8B000B156803024D609003E2691E0002CA19FF
:104B9B0069130005690300032D137E1F03A812C1BF
:104BAB00BE1BFD7F039003E2693E00020BEA20125D
:104BBB00B5BA9003E2693E00020BEA207E2F03ACEC
:104BCB007D159D13CA19691300097D5169130005E1
:104BDB00690300032D157D53024CB49003E2693E2B
:104BEB0000023E34CA39693300093E3469130005AB
:104BFB00690300032D137E1F03A812C1BE1BFD7F8B
:104C0B00039003E2693E00020BEA2012B5BA90034F
:104C1B00E2693E00020BEA207E0F03AC9F013E14BB
:104C2B00CA1969130009690300077D513E546913C2
:104C3B000005690300032D157D533E54806B9003D3
:104C4B00E2693E00023E343E34CA39693300093E04
:104C5B00343E3469130005690300032D137E1F03D3
:104C6B00A812C1BE1BFD7F039003E2693E00020B3D
:104C7B00EA2012B5BA9003E2693E00020BEA207EED
:104C8B000F03AC9F013E143E14CA19691300096946
:104C9B000300077D513E543E546913000569030020
:104CAB00032D157D533E543E547E1F03A82D351204
:104CBB00C1BE1BFD7F039003E2695E00020BEA405D
:104CCB007E1F03AC9F12024D5D693300011B3468DC
:104CDB002D1B3468520B35787C7E1F03ACCA3969A7
:104CEB0033000969130005690300032D137E1F03AD
:104CFB00A812C1BE1BFD7F037E1F03AC80547E1F19
:104D0B0003AC3E34CA39693300093E3469130005DC
:104D1B00690300032D137E1F03A812C1BE1BFD7F69
:104D2B00037E1F03AC802B7E1F03AC3E343E34CA84
:104D3B0039693300093E343E3469130005690300B9
:104D4B00032D137E1F03A812C1BE1BFD7F037E1F05
:104D5B0003AC12B5BA7E2F03AC7F032E14000F6980
:104D6B003000020B0A209F12793000021B0A2080B0
:104D7B00087E3400057A3703B07E3BB054FB7A3B98
:104D8B00B07E3703B0DA3B227D127D235E3400F018
:104D9B002E34FFE07803024E2B2E34FFF078030203
:104DAB004E732E34FFF07803024EBB2E34FFF07897
:104DBB0003024F032E34FFF07803024F4B2E34FFC8
:104DCB00F07803024F932E34FFF07803024FD82E66
:104DDB00340070680302501DBE14000268044D11AC
:104DEB00781B7CB5540F7E34000160053E3414787B
:104DFB00FB7CA76EA0FF7CBA5293529422BE140088
:104E0B0001680302502D7CB5540F7E340001600500
:104E1B003E341478FB7CB764FF52937CB7429422E8
:104E2B00BE14000268044D11781B7CB5540F7E3400
:104E3B00000160053E341478FB7CA76EA0FF7CBAA2
:104E4B005291529222BE140001680302502D7CB580
:104E5B00540F7E34000160053E341478FB7CB7643C
:104E6B00FF52917CB7429222BE14000268044D118E
:104E7B00781B7CB5540F7E34000160053E341478EA
:104E8B00FB7CA76EA0FF7CBA5295529622BE1400F3
:104E9B0001680302502D7CB5540F7E340001600570
:104EAB003E341478FB7CB764FF52957CB742962254
:104EBB00BE14000268044D11781B7CB5540F7E3470
:104ECB00000160053E341478FB7CA76EA0FF7CBA12
:104EDB0052B152B222BE140001680302502D7CB5B0
:104EEB00540F7E34000160053E341478FB7CB764AC
:104EFB00FF52B17CB742B222BE14000268044D11BE
:104F0B00781B7CB5540F7E34000160053E34147859
:104F1B00FB7CA76EA0FF7CBA52B352B422BE140026
:104F2B0001680302502D7CB5540F7E3400016005DF
:104F3B003E341478FB7CB764FF52B37CB742B42287
:104F4B00BE14000268044D11781B7CB5540F7E34DF
:104F5B00000160053E341478FB7CA76EA0FF7CBA81
:104F6B0052C952CA22BE140001680302502D7CB5EF
:104F7B00540F7E34000160053E341478FB7CB7641B
:104F8B00FF52C97CB742CA22BE14000268044D11FD
:104F9B00781B7CB5540F7E34000160053E341478C9
:104FAB00FB7CA76EA0FF7CBA52CB52CC22BE140066
:104FBB0001786F7CB5540F7E34000160053E3414CC
:104FCB0078FB7CB764FF52CB7CB742CC22BE14007B
:104FDB000268044D11781B7CB5540F7E34000160C0
:104FEB00053E341478FB7CA76EA0FF7CBA52E152CD
:104FFB00E222BE140001782A7CB5540F7E340001E6
:10500B0060053E341478FB7CB764FF52E17CB742F9
:10501B00E222E47E14EB407E0400FF7E34013D026D
:10502B00B28022CA7974017E14EA8B7E0400FF7E63
:10503B0034024E12B28074017E14EA8B7E0400FFA0
:10504B007E34024F12B2807E3421357A3703AB7E29
:10505B003421337A3703AD7E34FFFF7A3703AF7ACF
:10506B003703B17E3400026D227E142D007E0401C5
:10507B00311235517E37066D12C31C7E3706697EA1
:10508B0027066B12C90FC2A07E3400C812C66ED29F
:10509B00A07E34006412C66E743612C6C47E340011
:1050AB006412C66E7E77066D4D7778077E340002EC
:1050BB00E48022BE74000178087E34000274C08044
:1050CB0014BE74000278087E340002747080067E71
:1050DB0034000274A012C976743A12C6C47E34002E
:1050EB0002740512C97674B212C6C47E34000274FF
:1050FB000C12C9767E340002740C12C9767E340011
:10510B0002E412C9767E340002743312C9767E34FF
:10511B000002743312C97674B712C6C47E3400020F
:10512B00743512C97674BB12C6C47E340002743750
:10513B0012C97674C012C6C47E340002742C12C914
:10514B007674C212C6C47E340002740112C976741E
:10515B00C312C6C47E340002741212C97674C41210
:10516B00C6C47E340002742012C97674C612C6C43B
:10517B007E340002740F12C97674D012C6C47E340A
:10518B00000274A412C9767E34000274A112C9768F
:10519B0074E012C6C47E34000274D012C9767E3419
:1051AB000002740412C9767E340002740D12C976A3
:1051BB007E340002741112C9767E3400027413120D
:1051CB00C9767E340002742B12C9767E34000274C9
:1051DB003F12C9767E340002745412C9767E3400B5
:1051EB0002744C12C9767E340002741812C9767E92
:1051FB00340002740D12C9767E340002740B12C98E
:10520B00767E340002741F12C9767E34000274233A
:10521B0012C97674E112C6C47E34000274D012C96E
:10522B00767E340002740412C9767E340002740C4C
:10523B0012C9767E340002741112C9767E340002D4
:10524B00741312C9767E340002742C12C9767E3424
:10525B000002743F12C9767E340002744412C97680
:10526B007E340002745112C9767E340002742F1200
:10527B00C9767E340002741F12C9767E3400027424
:10528B001F12C9767E340002742012C9767E340058
:10529B0002742312C976742112C6C4741112C6C4C7
:1052AB007E34007812C66E742912C6C47E37066B24
:1052BB0012B1DEDA7922CAF87E370348BE34FFFF1B
:1052CB0050060B347A3703487EB303471478030236
:1052DB00539D14780302540A14780302540A147869
:1052EB000302540A1478030255061478030255502E
:1052FB002406680302554B12A2527CFB12A54A7E70
:10530B00B30246603A7E7302467A73025D7EB30245
:10531B00461298FB606B7EB3036FBEB0035005045F
:10532B007AB3036F7E73036FBE7003500302555045
:10533B007EB302467E7002128E6A02555080424C3A
:10534B00FF68487EB3025D6006BEF3025D783C7A6F
:10535B00F3025D7EB3039BBEB0035005047AB30327
:10536B009B7E73039BBE7003500302555074017AEE
:10537B00B303476D337A3703487E3400647A3703BF
:10538B0045E47AB3036F0255508000E47AB3039B74
:10539B0080657E370345BE34000028061B347A3700
:1053AB0003457EB3025D12999260237EB3036FBEF9
:1053BB00B0035005047AB3036F7E73036FBE7003A3
:1053CB0040117EB3025D7E7001128E6A8005E47A15
:1053DB00B3036F7EB30347B4010280030255507EC3
:1053EB003703454D336803025550E47AB303477ACC
:1053FB00B3039B7AB3036FE47AB3025D0255507E1D
:10540B00370343BE34FFFF50060B347A3703437E1A
:10541B001F029C1204C77E14D70A7E043C2312027F
:10542B008C7E0F03161201D47A1F03167EB303472B
:10543B00B402167E370348BE340014400C74037A52
:10544B00B303476D337A3703487EB30347B4032A5C
:10545B006D117E0443117E1F03161203AD401B74A6
:10546B00047AB303476D337A370348E47AB3038680
:10547B007AB302CC9F117A1F02E17EB30347B404C7
:10548B00646CFF6D117E0443207E1F03161203AD67
:10549B00401C7EB3025D129D8D600C7EB30386BEF5
:1054AB00B003500D048001E47AB30386800312C667
:1054BB00D87E730386BE700340037EF0016D117EB0
:1054CB000443367E1F03161203AD40034EF0027EDB
:1054DB00370343BE3400C840034EF0044CFF68054D
:1054EB007CBF129E167EB30347BEB0026808BEB0E7
:1054FB00036803B4044F124542804A7E1F029C127C
:10550B0004C77E14D70A7E043C2312028C7E0F0341
:10551B00161201D47A1F03167E370348BE340008D7
:10552B00402390068DE070057401128F2C74067A5F
:10553B00B303476D337A370348E47AB301D180055F
:10554B00E47AB30347DAF822CA3B7F307A1F040BA5
:10555B00700612C41C0257C37EB30193BEB002681F
:10556B00077E3400020257C07E370265BE34271017
:10557B00380A7E370249BE342710281E7EB30264D8
:10558B00BEB0FF5005047AB302647E730264BE7032
:10559B0003400C7E3400070257C0E47AB302647EEA
:1055AB00B301D660127E3701F3BE3401F42808E450
:1055BB007AB3021002565D7E1F041712C79C6D1141
:1055CB007E0443AF1203AD403A7E1F040B12C79CFF
:1055DB006D117E0441A01203AD40287E370265BEDB
:1055EB00340001381E7EB30210BEB0FF5005047AA2
:1055FB00B302107E730210BE703C400C7E3400036D
:10560B000257C0E47AB302107E1F041B12C79C6DB5
:10561B00117E0443AF1203AD40387F1312C79C6D4C
:10562B00117E0441A01203AD40287E370249BE34DF
:10563B000001381E7EB301F5BEB0FF5005047AB3EE
:10564B0001F57E7301F5BE703C400C7E3400040204
:10565B0057C0E47AB301F56D117E0441A07E7F043F
:10566B000B7F171203AD280F6D117E04C0A07E1F98
:10567B00040F1203AD401C6D117E04C1A07F1712E5
:10568B0003AD502D6D117E0440A07E1F040F12033D
:10569B00AD281E7EB30247BEB0FF5005047AB3029D
:1056AB00477E730247BE7014400C7E3400050257D0
:1056BB00C0E47AB302476D117E0441A07F1312033D
:1056CB00AD280F6D117E04C0A07E1F04131203AD15
:1056DB00401C6D117E04C1A07F131203AD502D6DC4
:1056EB00117E0440A07E1F04131203AD281E7EB34F
:1056FB00023DBEB0FF5005047AB3023D7E73023DFE
:10570B00BE7014400C7E3400060257C0E47AB3021C
:10571B003D7E1F041712C79C7E1460007E0444F963
:10572B001203AD401C7E37023BBE34FFFF50060B0D
:10573B00347A37023B7EB30259BEB0FF5008048067
:10574B0001E47AB302597E1F041B12C79C7E1460BE
:10575B00007E0444F91203AD401C7E37022BBE348D
:10576B00FFFF50060B347A37022B7EB30243BEB0D9
:10577B00FF5008048001E47AB302437E730259BEE2
:10578B00706440127E1F040F12C79C6D117E044083
:10579B00A01203AD401B7E730243BE706440197EA2
:1057AB001F041312C79C6D117E0440A01203AD5051
:1057BB00077E34000812C0A6DA3B22CAF87CFB7EB7
:1057CB00B301D670537EB302A0704D7EB30213703B
:1057DB00477EB3026770417EB30241703B7EB301DB
:1057EB0093B402347EB30211702E12001E0A3B4D8D
:1057FB003378257EB305F4601F120056601A12C36E
:10580B00FDB4031420031120010E7E37067C4D33AB
:10581B0078067EB3067B6004E4025A0A4CFF6809E3
:10582B00BEF0016804E4025A0A12B68A6D3312B252
:10583B002F7E34000312B22F6D337A3702657A371D
:10584B0002499F117A1F01C77A1F01B47A1F060CF8
:10585B007A1F06107A1F06147A1F061C7A1F06047D
:10586B007A1F06087E0F00D97A0F02A17E0F00DD8A
:10587B007A0F02907E0F00E17A0F02887E0F0135BE
:10588B007A0F02847E0F01397A0F02687E0F013D79
:10589B007A0F025E74017AB3023F7E54CCCD7E4404
:1058AB0040BC7A2F00D96D117E043F007A0F00DDCA
:1058BB007A1F00E17A2F01357A0F01397A1F013DEA
:1058CB0012C905E47AB3025D7AB301D11286C5120F
:1058DB00B08CBEF00178067E24007880047E240014
:1058EB00B4E41204067A1F01F76D117E0442C87EE0
:1058FB001F01F712032C7A1F02797A1F02186D33DE
:10590B0012C8359F117A1F019A7A1F02F27A1F0271
:10591B00F67A1F03267A1F03357A1F030A7A1F03B1
:10592B001212C41C6D117A17023B7A17022B7A17CD
:10593B00025A7A170244E47AB3027F7A1702097A81
:10594B001F02947A1F026C7A1F02037A1F01E47AFA
:10595B0017027D7A1702537A1701AD7A1F01FF7A6E
:10596B001F01E07AB301EB7A1701A47A1F01FB7ACE
:10597B001F01D74CFF78057E700180026C777A731C
:10598B0002304CFF78067E34057880026D337A370F
:10599B0001A24CFF78057E700180026C777A73024E
:1059AB00324CFF78067E34025880026D337A370111
:1059BB00AB4CFF78057E700180026C777A730262C4
:1059CB00E47AB302427AB3023A4CFF78046C7780E4
:1059DB00037E70147A73025CE47AB3022D7AF301BE
:1059EB00AF74017AB301A67E3402587A3701F37A89
:1059FB00B302417AB304F27AB304A27AB301D6DAD2
:105A0B00F822C2057E3400047A3703A77E18010002
:105A1B007E14047A7E04000112C6EB7E1455AA7E16
:105A2B000455AA90047A693E00020BEA20BF106865
:105A3B0003025C4E7E3400987A3703A79F117E14C5
:105A4B0003E27E04000112C6EB9003E2693E000202
:105A5B000BEA207A1F007D9003E6693E00020BEAF9
:105A6B00207A1F00819003EA693E00020BEA207A3C
:105A7B001F00859003EE693E00020BEA207A1F009F
:105A8B00899003F2693E00020BEA207A1F038F9084
:105A9B0003F6693E00020BEA207A1F02B09003FA6C
:105AAB00693E00020BEA207A1F032A9003FE693E2F
:105ABB0000020BEA207A1F0380900402693E000269
:105ACB000BEA207A1F039E900406693E00020BEA44
:105ADB00207A1F00D990040A693E00020BEA207A53
:105AEB001F00DD90040E693E00020BEA207A1F00B6
:105AFB00E1900412693E00020BEA207A1F013590F7
:105B0B000416693E00020BEA207A1F013990041A31
:105B1B00693E00020BEA207A1F013D90041E693E8C
:105B2B0000020BEA207A1F0021900422693E00023A
:105B3B000BEA207A1F0025900426693E00020BEA2F
:105B4B00207A1F002990042A693E00020BEA207A72
:105B5B001F002D900432693E00020BEA207A1F05CC
:105B6B00AF900436693E00020BEA207A1F0536908F
:105B7B00043A693E00020BEA207A1F057090043E3E
:105B8B00693E00020BEA207A1F052D900442693E04
:105B9B0000020BEA207A1F053A900446693E000288
:105BAB000BEA207A1F053E90044A693E00020BEA7D
:105BBB00207A1F059F90044E693E00020BEA207A63
:105BCB001F05A3900452693E00020BEA207A1F05C1
:105BDB00AB90045E693E00020BEA207A1F02D19063
:105BEB000462693E00020BEA207A1F02D59004661C
:105BFB00693E00020BEA207A1F02D990046A693EC3
:105C0B0000020BEA207A1F02DD900456693E000267
:105C1B000BEA207A1F058F90046E693E00020BEA97
:105C2B00207A1F035F900472693E00020BEA207A10
:105C3B001F031A900476693E00020BEA207A1F03B9
:105C4B0052D205A20522CA797D737E3400171285C4
:105C5B00CC6004E4025E626D339000841BEA301268
:105C6B00BCFF7E14CB417E0400FF12BEB87D371201
:105C7B00940F7E14CCB17E0400FF12BEB812C8DBA9
:105C8B006D227E14CCAD7E0400FF12BF167E14CCA9
:105C9B00A97E0400FF7E1803E812BF1612BBF97E23
:105CAB0014CCA57E0400FF12BF1612BDC86D227E58
:105CBB0014CCA07E0400FF12BF167E14CCBE7E0453
:105CCB0000FF7E34CCBB7E2400FF12BEB812C8028C
:105CDB007E14CB3A7E0400FF12BF1612C7CF7E1480
:105CEB00CCB17E0400FF12BF1612C7E06D227E14EA
:105CFB00CBC47E0400FF12BF1612C7AD6D227E14FB
:105D0B00CBBF7E0400FF12BF167E14CCBE7E0400F8
:105D1B00FF7E34CCBB7E2400FF12BEB87EB301F6EF
:105D2B00B4033112C5807E14CB337E0400FF12BF47
:105D3B001612B3696D227E14CB2F7E0400FF12BFA7
:105D4B00167E14CCBE7E0400FF7E34CCBB7E2400BA
:105D5B00FF12BEB812C7F16D227E14CB287E040051
:105D6B00FF12BF1612C7BE6D227E14CCB17E04008B
:105D7B00FF12BF1612C3FD54010A3B4D3368067E5A
:105D8B0034000180026D336D227E14CB237E040020
:105D9B00FF12BF1612C3FD54020A3B4D3368067E39
:105DAB0034000180026D336D227E14CB1E7E040005
:105DBB00FF12BF167E14CCBE7E0400FF7E34CCBB1C
:105DCB007E2400FF12BEB8129A297E14CB177E04D4
:105DDB0000FF12BEB87E14CB137E0400FFCA0B7EED
:105DEB001F019E12043EDA0B12BEE77E14CCB17E6D
:105DFB000400FFCA0B7E1F029812043EDA0B12BE80
:105E0B00E77E14CCBE7E0400FF7E34CCBB7E240028
:105E1B00FF12BEB8BE740002780A7E14CB7C7E04DF
:105E2B0000FF80087E14CB487E0400FF7E34CCBB81
:105E3B007E2400FF12BEB89000840BEA20BE240221
:105E4B00804003E480117E3400037E1400CC7E047A
:105E5B0000011281B17401DA7922CA3B7D627D7334
:105E6B009F117A1F03AB7A1F03AF7A1F03B37E1404
:105E7B0050007E0447C37A0F03B77A0F03BB7A0F28
:105E8B0003BF7E04C7C37A0F03C37A0F03C77A0F0E
:105E9B0003CB7EB3019360044D777804E402607109
:105EAB0074017AB301937A1F04D16D337A3703A946
:105EBB0012B6CC7D3612C66E7E3703A90B347A37F9
:105ECB0003A9BE34001478E86D33025F9E12B6CC82
:105EDB007E37000F12C7117A1F02147E3700111282
:105EEB00C7117A1F021C7E37001312C7117F517A1C
:105EFB001F02277E6F02147E1F03AB7F061201D495
:105F0B007A1F03AB7E7F021C7E1F03AF7F0712013C
:105F1B00D47A1F03AF7E1F03B37F051201D47A1F00
:105F2B0003B37E0F03B77F161203AD50047A6F03D2
:105F3B00B77E0F03BB7F171203AD50047A7F03BBF1
:105F4B007E0F03BF7E1F02271203AD50087E1F0278
:105F5B00277A1F03BF7E0F03C37F161203AD2804DE
:105F6B007A6F03C37E0F03C77F171203AD28047A22
:105F7B007F03C77E0F03CB7E1F02271203AD2808BA
:105F8B007E1F02277A1F03CB7D3612C66E7E370328
:105F9B00A90B347A3703A9BE7703A92803025ED86D
:105FAB007D27E41204067F717E1F03AB7F0712036C
:105FBB002C7A1F01C37E1F03AF7F0712032C7A1F9E
:105FCB0001CB7E1F03B37F0712032C7A1F01D27EF6
:105FDB000F03B77E1F03C31201D16DFF7EE4414057
:105FEB007F071203AD385A7E0F03BB7E1F03C71208
:105FFB0001D17F071203AD38487E0F03BF7E1F030D
:10600B00CB1201D17F071203AD38367E1F01C312AD
:10601B00C79C6D117E0441F01203AD38247E1F0125
:10602B00CB12C79C6D117E0441F01203AD38127E6A
:10603B001F01D212C79C6D117E0441F01203AD28D3
:10604B001374037AB301939F117A1F029C7A1F0476
:10605B00D1E4801274027AB301939F117A1F029CD0
:10606B007A1F04D17401DA3B22CA3B7EB301D6708E
:10607B000302626F7EB30193BEB00268077E3400E9
:10608B000502626A12C3FDBEB003680E7E340009BE
:10609B0012C0A67E34000602626A12001E0A3B4D35
:1060AB0033781420031120010E7E37067C4D337894
:1060BB00067EB3067B60077E34000602626A7EB3FF
:1060CB00021160077E34000602626A7EB3024160F1
:1060DB00097EB304F2BEB00168077E34000302628E
:1060EB006A12005670107E73027FBE70FF500C7EDA
:1060FB00B3027F048001E47AB3027F7E73027FBE1A
:10610B00701040077E34000402626A7E1F06041280
:10611B00C79C7A1F040B7E1F060812C79C7F317E1B
:10612B001F019E12C79C7A1F040F7E1F029812C775
:10613B009C7F717E6F040B7E1F02947F061201D42D
:10614B007A1F02947E1F026C7F031201D47A1F0206
:10615B006C7A6F02037A3F01E47E1F040F12043E38
:10616B007A37027D7F1712043E7A3702537E37024D
:10617B0009BE34FFFF500A7E3702090B347A37020F
:10618B00097EB301AFB401067E3400B480047E34C3
:10619B000064BE3701AD28287E1702656D007E1F97
:1061AB0001FF2F107A1F01FF7E1702497E1F01E0AE
:1061BB002F107A1F01E07E3701AD0B347A3701AD1A
:1061CB007E7F01F77E6F019A7F167F071203AD501A
:1061DB003A7E3701ADBE34006438307E0F02797FD2
:1061EB00161201D47A1F019A7E3701ADBE340064BA
:1061FB00500B7E1F019A7F071203AD28047A7F0193
:10620B009A7E1F019A12043E12C8357E3701F3BEE7
:10621B00340064382A7E0F02187E1F019A1201D1B6
:10622B007A1F019A9F777E1F019A9F001203AD5030
:10623B00047A7F019A7E1F019A12043E12C8357EA2
:10624B003701F3BE340000280A7E3701F31B347A82
:10625B003701F37E3701F34D3378097E3400027436
:10626B000112A644DA3B227CA75EA00F7CB754F048
:10627B0024E0686324F0780302631424F0780302AB
:10628B00634624F0780302637824F078030263AA50
:10629B0024F078030263DA24F0780302640A247092
:1062AB00680302644D4D2278187E3400017CBA607D
:1062BB00053E341478FB7CB764FF7E14FE20026429
:1062CB00237E3400017CBA60053E341478FB7C6776
:1062DB007E14FE200264414D2278187E3400017C2E
:1062EB00BA60053E341478FB7CB764FF7E14FE2144
:1062FB000264237E3400017CBA60053E341478FBC3
:10630B007C677E14FE210264414D2278187E340096
:10631B00017CBA60053E341478FB7CB764FF7E14B5
:10632B00FE220264237E3400017CBA60053E3414E5
:10633B0078FB7C677E14FE220264414D2278187E26
:10634B003400017CBA60053E341478FB7CB764FFE3
:10635B007E14FE230264237E3400017CBA60053E6A
:10636B00341478FB7C677E14FE230264414D227843
:10637B00187E3400017CBA60053E341478FB7CB780
:10638B0064FF7E14FE240264237E3400017CBA6019
:10639B00053E341478FB7C677E14FE240264414D69
:1063AB002278177E3400017CBA60053E341478FBEA
:1063BB007CB764FF7E14FE25805E7E3400017CBAC0
:1063CB0060053E341478FB7C677E14FE2580674D98
:1063DB002278177E3400017CBA60053E341478FBBA
:1063EB007CB764FF7E14FE26802E7E3400017CBABF
:1063FB0060053E341478FB7C677E14FE2680374D97
:10640B002278207E3400017CBA60053E341478FB80
:10641B007CB764FF7E14FE277E04007E7E0B705CCF
:10642B007B801C7E3400017CBA60053E341478FB03
:10643B007C677E14FE277E04007E7E0B704C767A82
:10644B000B7022CA3B7D727A0F03A77D637E2400FB
:10645B000112C24F7E14E9417E0400FF7E34012BF2
:10646B0012B2807E3400027E24000412C4917E148A
:10647B00E9417E0400FF7E34013212B2807E370385
:10648B00AB1A265E24000F1A3E5E34000FBD327825
:10649B000474018001E47E14E9417E0400FF7E3424
:1064AB00013712B2807D376C667E24000174017E49
:1064BB001400101295537E3703AB6C666D2274017A
:1064CB007E1400011295537E0F03A70B0D7E1F0642
:1064DB0087120B2174027F011E141E0450034E20E1
:1064EB00801478F46D337E2400019F107D261B24CD
:1064FB00780302657D1B2478030265B11B247803A6
:10650B000265E52E240003680302661B4398507C4A
:10651B00B7F5D70A56F5D6438E15C28E53A23F7EDA
:10652B002703ABBE240040780DBE7400417807E50D
:10653B00A2F5A202661BBE240146780CBE7401476D
:10654B00780643A24002661BBE240226780CBE745A
:10655B000227780643A28002661BBE2403536803FE
:10656B0002661BBE740354680302661B43A2C0027F
:10657B00661B439A507CB7F5D70A56F5D6438E1453
:10658B0053BAFE7E2703ABBE2410207808BE7410CE
:10659B002178028066BE2411567875BE7411577827
:1065AB006F43BA01806A43AC107CB7F5D70A56F536
:1065BB00D6438E1453BAFD7E2703ABBE242010782E
:1065CB0008BE74201178028032BE2421607841BE4F
:1065DB00742161783B43BA02803643FD107CB7F5DA
:1065EB00D70A56F5D6438E1453BAFB7E3703ABBE90
:1065FB00343012780CBE7430137806E5BAF5BA80D5
:10660B000FBE3431627809BE743163780343BA0428
:10661B007D361290A4DA3B227E3400767A3703A7BC
:10662B007E1804007E1403E27E04000112C6EB7E8A
:10663B00144E447E0434499003E2693E00020BEA97
:10664B0020BF1078189003E60BEA30BE34000478B4
:10665B000C9003E80BEA30BE3400766802E4227E2D
:10666B001403E27E0400017E34007412C51A7D23EC
:10667B009004560BEA30BD236802E4227E1403EA31
:10668B007E0400017E3403F27E24000112B97E7E6B
:10669B00B305F47002E4229003FA693E00020BEAA0
:1066AB00207A1F05F89003FE693E00020BEA207A60
:1066BB001F05FC900402693E00020BEA207A1F06BC
:1066CB0000900406693E00020BEA207A1F05B79082
:1066DB00040A693E00020BEA207A1F057F90040E24
:1066EB00693E00020BEA207A1F0542900412693EB4
:1066FB0000020BEA207A1F056C900416693E00021B
:10670B000BEA207A1F053190041A693E00020BEA4E
:10671B00207A1F054C90041E693E00020BEA207A7A
:10672B001F059B900422693E00020BEA207A1F058D
:10673B0097900426693E00020BEA207A1F0583908E
:10674B00042A693E00020BEA207A1F057590042E7D
:10675B00693E00020BEA207A1F05A7900432693EBE
:10676B0000020BEA207A1F0546900436693E0002B0
:10677B000BEA207A1F056790043A693E00020BEA88
:10678B00207A1F057090043E693E00020BEA207AC6
:10679B001F058B900442693E00020BEA207A1F050D
:1067AB002D900446693E00020BEA207A1F053A90B1
:1067BB00044A693E00020BEA207A1F05A390044E9F
:1067CB00693E00020BEA207A1F05AB900452693E2A
:1067DB0000020BEA207A1F058F7401227EB302A000
:1067EB00700302699B7EB30193BEB002680B7E34CB
:1067FB0000067E24000202697B7EB3021160097ED3
:10680B003400076D2202697B7EB30241600B7E343C
:10681B0000077E24000102697B12C3FDBEB0036832
:10682B000B7E3400087E24000902697B7EB301C015
:10683B00705D7E370265BE340004380A7E3702492C
:10684B00BE34000428107E7301DFBE70FF500C7E37
:10685B00B301DF048001E47AB301DF7E7301DFBE95
:10686B007003400B7E3400097E24000A02697B7E94
:10687B00730212BE700028097EB30212147AB3029F
:10688B00127EB30212600302699B740102BD327E59
:10689B00B30198B401067E27026580047E27024966
:1068AB007EB30198B401067E37024980047E37021D
:1068BB00657D526D447E0CFFFF7F709F727E2F01B2
:1068CB0094BF2738107DD26DCC7E2F01942F267A62
:1068DB002F019480047A0F01947E170191BD125001
:1068EB00047A2701917EB30198B4012A7E0F020C22
:1068FB00BF07380C7D526D447E0F020C2F028004B3
:10690B007E0CFFFF7A0F020C7E170207BD12502E72
:10691B007A27020780287E0F01EEBF07380C7D52C5
:10692B006D447E0F01EE2F0280047E0CFFFF7A0F69
:10693B0001EE7E1701E8BD1250047A2701E8BE2450
:10694B0007D03806BE34001428107E7301DFBE70EA
:10695B00FF500C7EB301DF048001E47AB301DF7ECC
:10696B007301DFBE7003400D7E3400097E24000AE4
:10697B00740102BC307E730212BE700028097EB314
:10698B000212147AB302127EB302127003029C78C5
:10699B0022CA3B7D707D617A2703B87A3703B67EB6
:1069AB0073066F0A37BE3703B6280474018001E4FF
:1069BB007E14EA8B7E0400FF7E34006912B2807E67
:1069CB007306700A37BE3703B8280474018001E4DC
:1069DB007E14EA8B7E0400FF7E34006A12B2807E46
:1069EB0073066F0A37BD36280474018001E47E14E8
:1069FB00EA8B7E0400FF7E34006B12B2807E73063E
:106A0B00700A37BD37280474018001E47E14EA8BC9
:106A1B007E0400FF7E34006C12B2807E37066D4D13
:106A2B00337820742A12C6C47E3400027E2703B644
:106A3B002E24003412C69A7E3400027D262E2400AA
:106A4B003480287E37066DBE3400017842742A12DA
:106A5B00C6C47E3400027E2703B62E24003512C630
:106A6B009A7E3400027D262E24003512C69A742B92
:106A7B0012C6C47E3400027E2703B82E24002812CF
:106A8B00C69A7E3400027D272E240028026B247EBA
:106A9B0037066DBE3400027841742A12C6C47E34A8
:106AAB0000027E2703B62E24002812C69A7E3400DD
:106ABB00027D262E24002812C69A742B12C6C47E81
:106ACB003400027E2703B82E24003512C69A7E347A
:106ADB0000027D272E240035803F742A12C6C47E07
:106AEB003400027E2703B62E24002812C69A7E3469
:106AFB0000027D262E24002812C69A742B12C6C4BF
:106B0B007E3400027E2703B82E24003412C69A7EF0
:106B1B003400027D272E24003412C69A742C12C620
:106B2B00C4DA3B227C5B7C475E400F7CB754F0247D
:106B3B00E0685B24F07803026BC324F07803026BEC
:106B4B00ED24F07803026C1724F07803026C4124D7
:106B5B00F07803026C6B24F07803026C9524706858
:106B6B0003026CBE4C5568127E3400017CB4600588
:106B7B003E341478FB7CB74280227E3400017CB417
:106B8B0060053E341478FB7CB764FF5280224C5571
:106B9B0068127E3400017CB460053E341478FB7CB3
:106BAB00B74290227E3400017CB460053E341478E9
:106BBB00FB7CB764FF5290224C5568127E34000167
:106BCB007CB460053E341478FB7CB742A0227E3443
:106BDB0000017CB460053E341478FB7CB764FF5233
:106BEB00A0224C5568127E3400017CB460053E3403
:106BFB001478FB7CB742B0227E3400017CB4600574
:106C0B003E341478FB7CB764FF52B0224C556812AB
:106C1B007E3400017CB460053E341478FB7CB742B3
:106C2B00C0227E3400017CB460053E341478FB7CBA
:106C3B00B764FF52C0224C5568127E3400017CB4FD
:106C4B0060053E341478FB7CB742C8227E340001C9
:106C5B007CB460053E341478FB7CB764FF52C822C9
:106C6B004C5568127E3400017CB460053E341478B8
:106C7B00FB7CB742E8227E3400017CB460053E34D5
:106C8B001478FB7CB764FF52E8224C5568127E34B3
:106C9B0000017CB460053E341478FB7CB742F822CB
:106CAB007E3400017CB460053E341478FB7CB76401
:106CBB00FF52F8227E3400171285CC6002E42212B8
:106CCB00B5286D339000841BEA307E14CC207E04F3
:106CDB0000FF7E3705C36D2212BF167E14CC1B7EC0
:106CEB000400FF7E3705D06D2212BF167E14CC1622
:106CFB007E0400FF7E3705DD6D2212BF167E14CC9D
:106D0B00B17E0400FF7E3705EA6D2212BF167E149A
:106D1B00CCBE7E0400FF7E34CCBB7E2400FF12BEB3
:106D2B00B87E14CC0B7E0400FF7E3705C91A261AD9
:106D3B002412BEE77E14CC1B7E0400FF7E3705D6E3
:106D4B001A261A2412BEE77E14CC167E0400FF7E90
:106D5B003705E31A261A2412BEE77E14CCB17E0443
:106D6B0000FF7E3705F01A261A2412BEE77E14CCDC
:106D7B00BE7E0400FF7E34CCBB7E2400FF12BEB867
:106D8B001200866D227E14CBFD7E0400FF12BF160F
:106D9B0012A7B86D117E04447A12028C12043E7E47
:106DAB0014CBF17E0400FF12BEE712C6297E14CC71
:106DBB00377E0400FF12BEB812C54E7E14CC317E56
:106DCB000400FF12BEB87E14CC2A7E0400FF900094
:106DDB00CBE00A3B6D2212BF167E14CBEB7E040078
:106DEB00FF7EB305F4600A7E34CD3D7E2400FF8028
:106DFB00087E34CD397E2400FF12BEB87E14CCBE83
:106E0B007E0400FF7E34CCBB7E2400FF12BEB89004
:106E1B0000840BEA20BE2402804002E4227E340070
:106E2B00037E1400CC7E0400011281B17401227D1B
:106E3B00127D23BE1400016806BE14002078307C3E
:106E4B00B5540F7E34000160053E341478FB7CB7DB
:106E5B0064FF7D120E140E140E140E141A021A0077
:106E6B002E04007E2E08FE0F7E0B705C7B8038BEDE
:106E7B001400036806BE14001078307CB5540F7EE6
:106E8B0034000160053E341478FB7C677D120E14D0
:106E9B000E140E140E141A021A002E04007E2E0865
:106EAB00FE0F7E0B704C767A0B7022BE14001168AD
:106EBB0003026FB07D325E3400F02E34FFE0684C7D
:106ECB002E34FFF0685C2E34FFF0686C2E34FFF02C
:106EDB00687C2E34FFF07803026F6F2E34FFF0784E
:106EEB0003026F852E34FFF07803026F9B2E340064
:106EFB00706803026FB07CB5540F7E3400016005DF
:106F0B003E341478FB7CB742934294227CB5540FE9
:106F1B007E34000160053E341478FB7CB74291420D
:106F2B0092227CB5540F7E34000160053E341478F8
:106F3B00FB7CB742954296227CB5540F7E34000100
:106F4B0060053E341478FB7CB742B142B2227CB56B
:106F5B00540F7E34000160053E341478FB7CB7423D
:106F6B00B342B4227CB5540F7E34000160053E342D
:106F7B001478FB7CB742C942CA227CB5540F7E34CD
:106F8B00000160053E341478FB7CB742CB42CC2227
:106F9B007CB5540F7E34000160053E341478FB7CC5
:106FAB00B742E142E222CA797D737E340017128523
:106FBB00CC6004E40271206D339000841BEA301224
:106FCB00BCCC7E14CBA07E0400FF12BEB812C172E3
:106FDB007E14CBE07E0400FF12BEB87D3712A037C3
:106FEB007E14CCB17E0400FF12BEB812C95E0A3B00
:106FFB006D227E14CBDB7E0400FF12BF1612C96319
:10700B006D227E14CBD57E0400FF12BF1612C94031
:10701B000A3B6D227E14CBD07E0400FF12BF167E7E
:10702B0014CCBE7E0400FF7E34CCBB7E2400FF124A
:10703B00BEB812C78B7E14CB997E0400FF12BF160D
:10704B0012C7697E14CCB17E0400FF12BF1612C7A3
:10705B007A6D227E14CBC47E0400FF12BF1612C7BA
:10706B00586D227E14CBBF7E0400FF12BF167E1418
:10707B00CCBE7E0400FF7E34CCBB7E2400FF12BE50
:10708B00B812C8246D227E14CB907E0400FF12BF71
:10709B001612C8136D227E14CBB07E0400FF12BFF4
:1070AB0016129A297E14CCAD7E0400FF12BEB87E58
:1070BB0014CCBE7E0400FF7E34CCBB7E2400FF12BA
:1070CB00BEB8BE740002780A7E14CB7C7E0400FF2F
:1070DB008018BE740003780A7E14CB687E0400FF10
:1070EB0080087E14CB487E0400FF7E34CCBB7E240C
:1070FB0000FF12BEB89000840BEA20BE2402804031
:10710B0003E480117E3400037E1400CC7E04000166
:10711B001281B17401DA79227EB301D67003027247
:10712B00927EB301AF60030272927EB30262701261
:10713B007EB3025CBEB0144003027292047AB302B7
:10714B005C227E3702657D136D007E5F01FF2F5041
:10715B007EE702497D1E7E6F01E02F607E2701AD29
:10716B00BE24FFFF50087EF701AD0BF480047EF7C1
:10717B0001AD7EB301EB20E030BE340002400C7E4B
:10718B00B30242BEB0FF5008048001E47AB302425E
:10719B007E730242BE70024010BE580008400A7E49
:1071AB00B301EB44017AB301EB7EB301EB20E13089
:1071BB00BEE40002400C7EB3023ABEB0FF5008049E
:1071CB008001E47AB3023A7E73023ABE7002401039
:1071DB00BE680008400A7EB301EB44027AB301EBB0
:1071EB007EB301EB20E126BEF4003C400C74037A25
:1071FB00B302327EE405788010BEF40028400E7492
:10720B00027AB302327EE403E87AE701AB7EB30184
:10721B00EB20E026BEF4003C400C74037AB3023042
:10722B007EE407D08010BEF40028400E74027AB3BF
:10723B0002307EE406A47AE701A27EB301EBB4032D
:10724B00256D117E0442707E1F019A1203AD40160C
:10725B00E47AB302627AB3025C7AF701A47A5F0133
:10726B00FB7A6F01D722BEF40064401B7EB301EBA7
:10727B0020E0067E340003800B7EB301EB20E10798
:10728B007E34000402C0A6226CAA9006A2E0600322
:10729B007401227E0F01E07E1F01FFBF1050067E9E
:1072AB006F01FF80047E6F01E07E0F01E07E1F0106
:1072BB00FFBF1028067E7F01FF80047E7F01E07EEA
:1072CB003701ADBE3702C568557E3701AD7A37023F
:1072DB00C57E270249BE27026528067E37026580D8
:1072EB00047E370249BE27026550067E2702658061
:1072FB00047E270249BE340008401E7E1403E8AD0D
:10730B00137E340258AD326D22BF01400C7EB302A6
:10731B00CBBEB0045008048001E47AB302CB7E1FCD
:10732B0001FFBE18005040257E1F01E0BE18005023
:10733B00401B7E1402BC7F17120B167F517E140369
:10734B00E87F16120B16BF1540037EA0014CAA78DE
:10735B00347E3701ADBE340028402ABE78000028A9
:10736B00247E14015E7F17120B167F717E1403E8C7
:10737B007F16120B16BF17400C7EB302CBBEB004A8
:10738B0040037EA0024CAA78357E3701ADBE340097
:10739B00B440297E3701AD9006A51BEA307E1F0154
:1073AB00FF900673793E00021BEA207E1F01E090DE
:1073BB0006B7793E00021BEA2012C474E422900641
:1073CB00A2E0702F7E3701AD9006A51BEA307E1F21
:1073DB0001FF900673793E00021BEA207E1F01E03D
:1073EB009006B7793E00021BEA209006A27AEBA02A
:1073FB0012C2D97401227E3400171285CC6002E4CC
:10740B00226D339000841BEA3012BCCC7E14CBE48B
:10741B007E0400FF12BEB812C1727E14CBE07E0454
:10742B0000FF12BEB812C92912A0377E14CCB17E50
:10743B000400FF12BEB812C95E0A3B6D227E14CB4C
:10744B00DB7E0400FF12BF1612C9636D227E14CBC4
:10745B00D57E0400FF12BF1612C9400A3B6D227E77
:10746B0014CBD07E0400FF12BF167E14CCBE7E045C
:10747B0000FF7E34CCBB7E2400FF12BEB812C78B3C
:10748B007E14CBC97E0400FF12BF1612C7697E148F
:10749B00CCB17E0400FF12BF1612C77A6D227E1488
:1074AB00CBC47E0400FF12BF1612C7586D227E1488
:1074BB00CBBF7E0400FF12BF167E14CCBE7E040031
:1074CB00FF7E34CCBB7E2400FF12BEB812C8246DE5
:1074DB00227E14CBB67E0400FF12BF1612C8136DAA
:1074EB00227E14CBB07E0400FF12BF16129A297EA7
:1074FB0014CCAD7E0400FF12BEB812C93B0A3B4D43
:10750B0033681312C963BE340000280A7E34CCD60C
:10751B007E2400FF80087E34CCD27E2400FF7E14B4
:10752B00CBA77E0400FF12BEB87E14CCBE7E040037
:10753B00FF7E34CCBB7E2400FF12BEB89000840BC0
:10754B00EA20BE2402804002E4227E3400037E1433
:10755B0000CC7E0400011281B1740122CA3B7AB3C4
:10756B0003AB7F307A2703A97A3703A77E73066FA5
:10757B000A37BE3703A7280474018001E47E14EA9E
:10758B008B7E0400FF7E3401D112B2807E730670B5
:10759B000A37BE3703A9280474018001E47E14EA7C
:1075AB008B7E0400FF7E3401D212B2807E7303AC5B
:1075BB00BE7006280674067AB303AC7E7303ABBEAB
:1075CB00700A2806740A7AB303AB9F117F03120368
:1075DB00AD281F7A3F03D27E1403E37E0400017EA5
:1075EB0034EA857E2400FF121B147CB79003E2F073
:1075FB0080227A3F03D27E1403E47E0400017E34A2
:10760B00EA857E2400FF121B147CB79003E2F090F6
:10761B0003E204F09003E2E00A5B9E5400077CABAC
:10762B007EB303AB0A2B1A3A9D321B347CB7900402
:10763B0005F07EB303AC0A2B1A3A2D320B347A7356
:10764B0003AD7EA02080227EB303AD1A3B2E340304
:10765B00E37A71827A61837AEBA07EB303AD047A0D
:10766B00B303AD900405E004F0900405E0BEB00058
:10767B0048D59F117F031203AD28057EA02D8003F3
:10768B007EA020900405E01A3B2E3403E37A71822E
:10769B007A61837AEBA0E47EA303AD1A3A2E34030E
:1076AB00E37A71827A6183F07E3703A77E2703A981
:1076BB007E1403E37E040001129F27DA3B22CA3BB0
:1076CB007F607DF37E34FF017E2400FEBF61284086
:1076DB007E14000C7F16120B1F7F614DFF78055334
:1076EB008E7F805FBEF400017805538EBF8054BE41
:1076FB00F400027805538EFB8049BEF40003780535
:10770B0053DDFD803EBEF40004783853DDDF80335B
:10771B004DFF7805438E80802ABEF4000178054327
:10772B008E40801FBEF400027805438E048014BE89
:10773B00F40003780543DD028009BEF400047803EE
:10774B0043DD20740F7F361E741E6450034EE080A1
:10775B001478F40A1F6D000B0C7F16120B217DE3BE
:10776B006EE4FFFF0BE44DFF78207E34FEA07E24F9
:10777B00007E7A1BF0E589F5897D3E7CB7F58A0A98
:10778B0056F58CD28CD2A9027821BEF40001781F59
:10779B007E34FEA17E24007E7A1BF0E589F5897D7F
:1077AB003E7CB7F58B0A56F58DD28ED2AB8067BE79
:1077BB00F40002781D7E34FEA27E24007E7A1BF03C
:1077CB007D3E7CB7F5D70A56F5D6438E1043AF04F2
:1077DB008044BEF40003781D7E34FEA37E24007E1D
:1077EB007A1BF07D3E7CB7F5D50A56F5D443DD0800
:1077FB0043AF208021BEF40004781B7E34FEA47EB0
:10780B0024007E7A1BF07D3E7CB7F5D30A56F5D269
:10781B0043DD8043AF40DA3B227E54CCCD7E4440E7
:10782B00BC7A2F00D97E14999A7E043F197A0F00E7
:10783B00DD6D337E2440407A1F00E17A2F01357ACB
:10784B000F01397A1F013D7E2442D87A1F007D7EBD
:10785B003433337E2441437A1F00817E3480007E93
:10786B002443DF7A1F00857E341EB87E243E857A42
:10787B001F008912C8E97E3400016D2212AE091275
:10788B00C97F12C6FE7E34FFFF12C91812C97F12C0
:10789B007D2D12BFA012B68A120026600B7E34011A
:1078AB00907E240005125E6512C930125A0D1266C5
:1078BB002312C921E412C6AFE412C0F96D3312C80A
:1078CB003512C905E47AB304F27AB304A212B903F0
:1078DB007EB30193B4020D7E14C9A97E0400FF127E
:1078EB00B74C800E7E14C98C7E0400FF12B74C126D
:1078FB00A0BE12A3537E3400017E24000512B2CE2B
:10790B007E3400047E24000A12B2CEC2CA12C8BF53
:10791B0012C8CD1238CC128A6190034C7EEBF0BEAC
:10792B00F032400A127F7AE490034CF08007900308
:10793B004C7CBF04F090034D0BEA304D337817901D
:10794B0000820BEA304D33780D9000800BEA304DFE
:10795B0033780312915B7E34000212C98280AECA67
:10796B003B7F3112C4C97AB304117F1312C79C7FBA
:10797B00317E1F01A77A1F04126D337E2444FA7ADD
:10798B001F04167F139F0012C3DE7F317EB30226C6
:10799B00BEB00028347EA304117AA30225147AB357
:1079AB0002269F117A1F02207A1F02987E340470E0
:1079BB009F00127AAF7EB302266003027AAC7E730D
:1079CB0002257A730224027AAC7EA304114CAA68B6
:1079DB00327EB30224602CBEB3041168267AA30254
:1079EB0025740A7AB302269F117A1F02207A1F028E
:1079FB00987E370244BE34FFFF50180B347A37029F
:107A0B004480107EB3041170169F117A1F02207AE6
:107A1B001F02987E3404709F00127AAF027AAC7EFC
:107A2B00B3022470087E7304117A7302247EB301AF
:107A3B00D6601C7EB301AF70167EB302626010126B
:107A4B00BB8A6D117E04412012032C7A1F04127E17
:107A5B001F04127A1F04167E1F02207F0312B8091F
:107A6B007A1F02207E730224BE70000803C38001BC
:107A7B00D392EA7E340470CA397E1F022012043E70
:107A8B007F01DA39127AAF7E730224BE70000806CA
:107A9B007E1F022080077E1F02201203F37A1F0233
:107AAB0098DA3B22CA797A0F04617D731A367C7699
:107ABB005E3400011A261A247F212F212F222E44F7
:107ACB0000FF2E28E89C693200020B2A200B1C7E3B
:107ADB001B700A27691200020B2A007E0B606C7761
:107AEB004D326D2290053D793E00021BEA207E1F30
:107AFB000461BE182710380474018001E47E14E879
:107B0B004A7E0400FF7E34008B12B2807E1F04611C
:107B1B00BE1827106827E41204017E1440007E046F
:107B2B00461C12032C7F0190053D693E00020BEAB7
:107B3B0020E412040112028C12043E800C90053DCD
:107B4B00693E00020BEA200B1C900539793E0002BE
:107B5B001BEA20900539693E00027C361A3E7C7682
:107B6B005E3400011A261A247F212F212F221A3E60
:107B7B000E340E340E340E345E3400071A261A24DB
:107B8B002F127F212F212F222E4400FF2E28E87C3D
:107B9B00693200020B2A207A1B30900539691E00CE
:107BAB00021A3E7C765E3400011A261A247F212F9E
:107BBB00212F221A3E0E340E340E340E345E340056
:107BCB00071A261A242F127F212F212F222E440031
:107BDB00FF2E28E87C693200020B2A200B1C7A1B33
:107BEB0030DA7922CA3B7F3112C4C97AB304117FD0
:107BFB001312C79C7F317E1F01A77A1F04126D33AE
:107C0B007E2444FA7A1F04167F139F0012C3DE7F73
:107C1B00317EB30239BEB00028347EA304117AA39F
:107C2B000238147AB302399F117A1F02337A1F017B
:107C3B009E7E3424749F00127AAF7EB302396003A8
:107C4B00027D2A7E7302387A730237027D2A7EA365
:107C5B0004114CAA68327EB30237602CBEB30411F8
:107C6B0068267AA30238740A7AB302399F117A1FF5
:107C7B0002337A1F019E7E37025ABE34FFFF501823
:107C8B000B347A37025A80107EB3041170159F1192
:107C9B007A1F02337A1F019E7E3424749F00127A5E
:107CAB00AF807C7EB3023770087E7304117A730247
:107CBB00377EB301D660167EB301AF70107EB30270
:107CCB0062600A6D337E24430C7A1F04127E1F04FC
:107CDB00127A1F04167E1F02337F0312B8097A1F14
:107CEB0002337E730237BE70000803C38001D39248
:107CFB00EE7E342474CA397E1F023312043E7F0198
:107D0B00DA39127AAF7E730237BE700008067E1F17
:107D1B00023380077E1F02331203F37A1F019EDAB0
:107D2B003B227E3400086D2212AE097E3400096DB1
:107D3B002212AE097E34000D6D2212AE097E340084
:107D4B000E6D2212AE0912A73D7E34000A12C982B3
:107D5B006D331296917E3400031296917E3400455A
:107D6B006D116D22E41295537E3400636D116D22FB
:107D7B00E41295537E34000A12C9827E3400767E5B
:107D8B00240001E47E1400101295537E3400727EA1
:107D9B00240001E47E1400101295539F117A1F03E7
:107DAB00AB7E3424747E0842681231399F117A1FDE
:107DBB0003AB7E3404707E0842681231397E340086
:107DCB000A12C9827E3400556D2274017E140003A1
:107DDB0012955312AAE37E340036740112C5997EB4
:107DEB00340084740112C5997E340062740112C58B
:107DFB00997E3400806D2274017E1400031295531A
:107E0B007E3400816D2274017E1400031295537E23
:107E1B003400826D2274017E1400031295537E345C
:107E2B0000836D2274017E1400031295537E34007F
:107E3B00856D2274017E1400031295537E340086E7
:107E4B006D2274017E140003029553CA7BCA6BCA60
:107E5B005BCA4BCA2BCA1BCA0BC0D0C083C08212D1
:107E6B0084CB12C5670A3B4D336815120056701050
:107E7B009F117A1F02FA7E08007D12B0E2027F6228
:107E8B0012A7B87A1F02FA123F617A1F02FA12C9BF
:107E9B004A0A3B4D3368137EB301AFB4010C127227
:107EAB00930A3B4D3368031252C112C94A60197EC3
:107EBB001F02FA7A1F00A59F117A1F00B97A1F00C3
:107ECB00B57E1F02FA027F5E7E1F02FA7A1F00A5A3
:107EDB001204C77F717E6F00A57E1F00817F061283
:107EEB00028C7F0712028C6D117E04400012028CF3
:107EFB007F717E1F007D7F0612028C7F071201D4DB
:107F0B007F717E0F00AD7F161201D17E0F0085129F
:107F1B00028C7F071201D47F717E0F04D17E1F006C
:107F2B008912028C7F071201D47A1F00B97A1F00C5
:107F3B00B57E0F035B7A0F046D7E1F00B9CA1B7FE2
:107F4B00101203F37F01DA1B12C3BF7A1F00B97E35
:107F5B001F00A57A1F00AD53EFFBD082D083D0D08A
:107F6B00DA0BDA1BDA2BDA4BDA5BDA6BDA7B32E41D
:107F7B00900716F0900717F09007177EEB70740DB3
:107F8B00ACB7493505C3BE340004281CBE340FFB07
:107F9B005016900717E07E34000160053E341478CC
:107FAB00FB900716E04CB7F0900717E004F0900732
:107FBB0017E0B404C312B4957E3400907E24000203
:107FCB007E14E83A7E0400FF129F271200867D1371
:107FDB007E3400B87E240002128CDD120056600A3B
:107FEB007E14E8357E0400FF80087E14E8307E04A2
:107FFB0000FF7E3400907E240012129F277E3400F7
:10800B00907E240022900716E0B40F0A7E14E82815
:10801B007E0400FF80087E14E8207E0400FF129F80
:10802B00277E3400907E2400327E14E81B7E0400F1
:10803B00FF129F277E3400B87E240032900716E093
:10804B000A1B128CDD7E3400907E2400427E14E8E5
:10805B00177E0400FF129F2712A7B87F0174037AC3
:10806B00B303AC7E3400A87E240042740112756702
:10807B007E3400907E2400627EB305F4600A7E1489
:10808B00E80F7E0400FF80087E14E8077E0400FFE3
:10809B00029F27CA3B7D727D63E4900705F07E54F7
:1080AB00000DAD52493505C3BE340004280ABE3459
:1080BB000FFB500474018001E4900715F07E0BA0B8
:1080CB009007057EEB707CB704F00A372E34070659
:1080DB007A71827A61837AEBA029A000019007055F
:1080EB007EEB707CB704F00A372E3407067A718268
:1080FB007A61837AEBA0900715E060057EA0208063
:10810B00037EA0219007057EEB707CB704F00A3745
:10811B002E3407067A71827A61837AEBA07E340063
:10812B000DAD37493305C37A3703A77E1407067E97
:10813B000400017E3407057E240001740512A1455D
:10814B007EA0209007057EEB707CB704F00A372EDB
:10815B003407067A71827A61837AEBA07E34000D44
:10816B00AD37493305C97A3703A77E1407067E045A
:10817B0000017E3407057E240001740312A1456CB7
:10818B00AA900705E00A3B2E3407067A71827A61C2
:10819B00837AEBA06D337D267E1407067E040001E7
:1081AB0012C985DA3B22CA3B7A2704A07F307A3783
:1081BB00049E7E34E96C7E2400FF7E1405417E0410
:1081CB0000017440120BA60282B47E3704A0BE34A9
:1081DB00004028067E34004080047E3704A09005C2
:1081EB00811BEA30CA397F137E1405417E040001DE
:1081FB0012C1BE1BFD9005810BEA307E2704A09DAA
:10820B00237A2704A02D736CAA7E37049E1A261A94
:10821B002474042F111478FB7F012E04007E2E088A
:10822B00FA327A0BA09005810BEA101B147F212EDA
:10823B0044007E2E28FA337A2B300A527E17049E86
:10824B001A021A002F002F002E04007E2E08FA8827
:10825B007A0BB07E5405417F012E04007E2E08FA66
:10826B00357A0BA07F012E04007E2E08FA367A0B8E
:10827B00B074C02E24007E2E18FA317A1BB07E37D4
:10828B00049E1A261A2474042F111478FB7F012ED6
:10829B0004007E2E08FA327E0BB030E0E1E42E248F
:1082AB00007E2E18FA317A1BB07E3704A04D33684E
:1082BB00030281D5DA3B227F717E1F040B79F1001B
:1082CB005A79E100587E1F040B7911005279010095
:1082DB00507E7F040B6917005A69070058693700F5
:1082EB0052692700501201D17937002A79270028CB
:1082FB007E7F040B69170032690700306937002A4B
:10830B00692700281201D1691700020B7A001202AB
:10831B008C79370046792700447E7F040B69170060
:10832B002A69070028693700066927000412028CA6
:10833B007937004E7927004C7E7F040B691700328A
:10834B00690700306D337E24400012028C7F016977
:10835B0037002A692700281201D1691700366907EF
:10836B0000341201D46917000A6907000812028C45
:10837B007937004A792700487E7F040B6917004E36
:10838B006907004C69370046692700441201D4691C
:10839B0017004A690700481201D4691700326907B0
:1083AB00003079170036790700347E2F040B6912E1
:1083BB00002A690200287912003279020030227FEC
:1083CB000143BA809E24016E9E18360068499E2494
:1083DB00002D9E18C6C068529E24002D9E18C6C044
:1083EB00685B9E2400309E187C8068649E24001B72
:1083FB009E18CEC0686D9E24FF3B9E18714068038B
:10840B0002849674047E34FE017E24007E7A1BB0B7
:10841B007E54FDEB0284AF74047E34FE017E240097
:10842B007E7A1BB07E54FDEC807A74047E34FE01A0
:10843B007E24007E7A1BB07E54FDED806774047E33
:10844B0034FE017E24007E7A1BB07E54FDEE8054F8
:10845B0074047E34FE017E24007E7A1BB07E54FDB4
:10846B00EF804174047E34FE017E24007E7A1BB0C3
:10847B007E54FDF07E44007E7E2BB0F59F7E54FD36
:10848B00F87E2BB0F5A6759D03802E7E14C3807EDF
:10849B000401C974047E34FE017E24007E7A1BB075
:1084AB007E54FDEE7E44007E7E2BB0F59F7E54FD08
:1084BB00F77E2BB0F5A6759D02E47A1BB07F1022D8
:1084CB00CAF86CFF740DACBF493505BF129D037E16
:1084DB00900DAC9F593405C1495405C1595405C37E
:1084EB007EB305F360477EB305BB60417E5002ACA3
:1084FB005F2E2406E47A51827A41830BEA50493489
:10850B0005C3BD3550097A51827A41831BEA307419
:10851B0002ACBF2E5406EC7AB1827AA1830BEA200F
:10852B00BD3228097AB1827AA1831BEA304934051E
:10853B00C3492405C7491405C512B9F7740DACBF5F
:10854B00593505C90BF0BEF00450030284CF7E27CA
:10855B0005C3E41204067A1F05087E2705D0E41232
:10856B0004067A1F04D97E2705DDE41204067A1F60
:10857B0004E57E2705EAE41204067A1F050C7E2724
:10858B0005C97CB41204067A1F04E17E2705D67C4C
:10859B00B41204067A1F04B17E2705E37CB41204DF
:1085AB00067A1F04BB7E2705F07CB41204067A1FE3
:1085BB0004E99F117A1F04EE12A5C712BBC2DAF8A9
:1085CB00227C477C575E500F5E40F06CAA2E40E039
:1085DB0068462E40F068582E40F068692E40F068CF
:1085EB007A2E40F0780302867C2E40F078030286C8
:1085FB00922E40F078030286A82E40706803028604
:10860B00BC7E3400017CB560053E341478FB7CB72E
:10861B007EA1805CA70286BC7E3400017CB5600520
:10862B003E341478FB7CB77EA1905CA70286BC7E9F
:10863B003400017CB560053E341478FB7CB77EA119
:10864B00A05CA7806C7E3400017CB560053E3414C1
:10865B0078FB7CB77EA1B05CA780567E3400017C92
:10866B00B560053E341478FB7CB77EA1C05CA78057
:10867B00407E3400017CB560053E341478FB7CB73A
:10868B007EA1C85CA7802A7E3400017CB560053EC4
:10869B00341478FB7CB77EA1E85CA780147E340091
:1086AB00017CB560053E341478FB7CB77EA1F85C89
:1086BB00A74CAA6803740122E422E49006A2F06D91
:1086CB00339006A51BEA309F00900673791E0002BB
:1086DB001BEA009006B7791E00021BEA0090068782
:1086EB001BEA3090067E1BEA309006B51BEA3090F1
:1086FB000684F090067BF0900677F0900678F09069
:10870B000680F06D2290069A1BEA209006A71BEAC2
:10871B003090067DF090069E1BEA3090068E1BEA89
:10872B0030900683F0900679F090067AF0900685EB
:10873B00F09006A31BEA209006AF1BEA309006913F
:10874B00F0900682F09006941BEA309006921BEA9A
:10875B00309006B11BEA309006981BEA3090068ADF
:10876B001BEA30900686F090069C1BEA309006AB15
:10877B001BEA309006A01BEA309006961BEA30905D
:10878B00068DF0900690F09006A91BEA30900689B2
:10879B00F090067CF0900681F090068CF09006AD80
:1087AB001BEA209006B31BEA30227CA75EA00F7C4D
:1087BB00B754F024E0683E24F0685024F06862243B
:1087CB00F0687424F0780302885824F07803028848
:1087DB006E24F07803028884247068030288997EE3
:1087EB003400017CBA60053E341478FB7CB74293AD
:1087FB0064FF5294227E3400017CBA60053E34142F
:10880B0078FB7CB7429164FF5292227E3400017C4C
:10881B00BA60053E341478FB7CB7429564FF5296E0
:10882B00227E3400017CBA60053E341478FB7CB7A1
:10883B0042B164FF52B2227E3400017CBA60053E25
:10884B00341478FB7CB742B364FF52B4227E3400FD
:10885B00017CBA60053E341478FB7CB742C964FFD7
:10886B0052CA227E3400017CBA60053E341478FB78
:10887B007CB742CB64FF52CC227E3400017CBA60C1
:10888B00053E341478FB7CB742E164FF52E222CA06
:10889B003B12ACE66D3312B31C7D637E34000312C6
:1088AB00B31C7D7330B5057E700180026C777A73D3
:1088BB00040B30CB057E700180026C777A73040C4D
:1088CB006D3312B22F7E34000312B22F7EB3040B22
:1088DB0060067DF66DEE80087D366D229F779F7169
:1088EB007EB3040C600A7D376D229F669F61800406
:1088FB007DD76DCC7F177CB41204017A1F060C7FD9
:10890B00167CB41204017A1F06107EB4CCCD7EA463
:10891B003F4C7E1F060C7F0512028C7F417E14CCD0
:10892B00CD7E043E4C7E1F060412028C7F04120186
:10893B00D47A1F06047E1F06107F0512028C7F510E
:10894B007E14CCCD7E043E4C7E1F060812028C7F1B
:10895B00051201D47A1F06087A6F040D7E73040C7E
:10896B007A7304127D367D277F077EB3040B12C307
:10897B005EDA3B2230021E7E370679BE34000028B9
:10898B000A7E3706791B347A3706797E3706794D9E
:10899B00337802C20212C39F6013200324200121EB
:1089AB007E37067C4D336829028A5B80247EB304B4
:1089BB00F2601320030B2001087E37067C4D3368D1
:1089CB0010028A5B800B30040B7E3400047A37066E
:1089DB007C02C8932003030200467E37067C2E34AC
:1089EB000000686F1B35681E1B34683A0B357860C6
:1089FB007E37067E0B347A37067EBE3400644053D6
:108A0B007E34000280147E37067E0B347A37067E66
:108A1B00BE340064403D7E3400037A37067C6D33F0
:108A2B007A37067E802D7E37067E0B347A37067EAC
:108A3B00BE340001401D6D337A37067C7A37067ED3
:108A4B00C201D200D2027E3417707A3706798003C6
:108A5B0002C65702BB19CA7912B52890034D0BEA0F
:108A6B00304D336810126FB17003028B3E6D339033
:108A7B00034D028B3B900350E060101274017003A6
:108A8B00028B3EE4900350F0028B3E9000820BEA87
:108A9B00304D336810125C517003028B3E6D339076
:108AAB000082028B3B9000800BEA304D33680F1233
:108ABB00140C7003028B3E6D33900080807212C9D0
:108ACB00590A3B4D33786C12008E0A3B4D33786359
:108ADB0012C94A0A3B4D33785A12C93B0A3B4D33F4
:108AEB0078519003E1E06011126CBF6046E4900393
:108AFB00E1F06D339000A680379000CAE0600C1255
:108B0B004819602FE49000CAF080289000C9E060FB
:108B1B00229000A60BEA70BE74007D400C126CBF55
:108B2B0060116D339000A680079000A67D370B3443
:108B3B001BEA30DA7922CA3B7AB303AB7D727D63D1
:108B4B007E7303ABBE70204805BE707E0806743F73
:108B5B007AB303ABE49006C0F09006C07EEB707462
:108B6B0010AC7B7E2400148D329006BF7AEB707EA6
:108B7B006303AB1A263E243E243E243E240A372DA3
:108B8B00322E341F0E7A71827A6183E4939006BE83
:108B9B00F0E49006BDF09006BD7EEB707408ACB7A8
:108BAB007E44000A8D547CAB9006BB7AEBB00A373F
:108BBB002D369006C0E00A2B2D277E1400017CBABF
:108BCB0060053E141478FB7C239006BE7EEB305C74
:108BDB00320A134D1168046D1180047E14FFFF12CD
:108BEB00AE689006BDE004F09006BDE0BEB00A4052
:108BFB00A59006C0E004F09006C0E0BEB014500390
:108C0B00028B64DA3B22CA3B7AB303B47D727D6379
:108C1B007E73066F0A37BD36280474018001E47E2B
:108C2B0014EA8B7E0400FF7E3400EC12B2807E735C
:108C3B0006700A37BD37280474018001E47E14EAFC
:108C4B008B7E0400FF7E3400ED12B280E4900406AC
:108C5B00F07D36900406E00A0B2D077D207D162E45
:108C6B0014000712699C7E7303B41A273E243E241A
:108C7B003E243E24900406E00A3B2D322E341F0E78
:108C8B007A71827A6183E493900407F0E47AB303F8
:108C9B00B5900407E030E00A7E3400027E270669B7
:108CAB0080087E3400027E27066B12C69A9004075A
:108CBB00E01EB0F07EB303B5047AB303B5B408D1AC
:108CCB00900406E004F0900406E0BEB0104082DA97
:108CDB003B22CA3B7A1703A77D727D637E73066FB7
:108CEB000A37BD36280474018001E47E14EA8B7EBA
:108CFB000400FF7E34018512B2807E7306700A3742
:108D0B00BD37280474018001E47E14EA8B7E0400D5
:108D1B00FF7E34018612B2807E3703A77E44271074
:108D2B007D538D549003E2F07E0403E87D138D1088
:108D3B007E24000A8D127CB19003E3F07E04006464
:108D4B007D138D108D127CB19003E4F07D138D1289
:108D5B008D127CB19003E5F08D327CB59003E6F07B
:108D6B00E49003E7F09003E77EEB307E7008AC7382
:108D7B002D367D270A132E1403E27A31827A218352
:108D8B00E00A5B2E540030128C119003E7E004F0E4
:108D9B009003E7E0BEB00540CCDA3B22CA797D7385
:108DAB0012C72312C45712C27212C22B12C207E48B
:108DBB007AB304F27AB304A26D3312C83512C90523
:108DCB0012B68A7EB30241600B7E14D3087E040078
:108DDB00FF028E6412001E600A7E14D2F77E04001E
:108DEB00FF807620031120010E7E37067C4D3378F1
:108DFB00067EB3067B600A7E14D2E77E0400FF80FA
:108E0B00587EB30193BEB002680A7E14D2D77E049B
:108E1B0000FF80457EB30211600A7E14D2C07E042F
:108E2B0000FF803512C3FDBEB003680A7E14D2ACBE
:108E3B007E0400FF80237D37129ABF6014E49003F9
:108E4B0050F06D3390034D1BEA307D37129FAF808E
:108E5B000B7E14D29A7E0400FF12C979DA7922CAEA
:108E6B00797CE77CFB74027AB303476D337A370363
:108E7B00487A370343E47AB303867AB302CC9F1163
:108E8B007A1F03167A1F03061200867A37039C7E1D
:108E9B001F02FA1204C77A1F034E9F117A1F02E1B9
:108EAB007E24428C7A1F03977E1F029C1204C77A82
:108EBB001F03677C4F7CBF12040B7E1447AE7E04EE
:108ECB003E6112028C7A1F03709F117A1F02C77AC0
:108EDB00F3025D74017AB301D19006847AEBE07EE4
:108EEB005705C990067BF07E5705D6900677F07E26
:108EFB005705E3900678F07E5705F0900680F06DED
:108F0B00117E04447A7E1F02FA12028C12043E90E8
:108F1B00069A1BEA301200869006A71BEA30DA7914
:108F2B0022CA69CAF87CFB6D117E0441207E1F03A7
:108F3B001612028C12043E7A3704616D117E0444C2
:108F4B007A7E1F02FA12028C12043E7D6312008697
:108F5B004CFF68467E570348900690F07E270461CD
:108F6B009006A91BEA207E5705C9900689F07E570B
:108F7B0005D690067CF07E5705E3900681F07E5770
:108F8B0005F090068CF09006AD1BEA609006B31BC3
:108F9B00EA30740190068DF080407E2704619006C4
:108FAB009E1BEA207E27034390068E1BEA207E57EA
:108FBB0005C9900683F07E5705D6900679F07E574B
:108FCB0005E390067AF07E5705F0900685F0900643
:108FDB00A31BEA609006AF1BEA30DAF8DA6922CA03
:108FEB00797D73BE740001680CBE7400026806BE06
:108FFB0074000378197EB302A070137EB302417024
:10900B000D7EB30193B402067EB302116004E40239
:10901B0090A112B68A6D3312B22F7E34000312B2B6
:10902B002F6D337A3702657A3702499F007A0F0129
:10903B00C77A0F01B4E47AB302137A37022E7AB3EC
:10904B0002747AB302527AB301BB7AB301997AB341
:10905B00024B740A7AB301F2E47AB3024F7A0F022D
:10906B00807A0F02557A3702707A37024D7A3702BF
:10907B00727A370250BE7400037805E47AB3023E6D
:10908B007AF301F674017AB301EC7E3400C87A37B7
:10909B00022E7AB30213DA7922CA3B7D436CAA7D86
:1090AB00F31A361AE674042F771478FB7F172E24E5
:1090BB00007E2E18FA307A1BA0E47F172E24007E38
:1090CB002E18FA327A1BB07F172E24007E2E18FA38
:1090DB00317A1BB07F072E04007E2E08FA387A0BEC
:1090EB00B07F172E24007E2E18FA3A7A1BB07F170A
:1090FB002E24007E2E18FA397A1BB07F672EC400FF
:10910B007E2E68FA3B7A6BB07DD41A781ACE7F36F6
:10911B002F362F337F632EC4007E2E68FA8A7A6B2C
:10912B00B07D542E54071A7F672EC4007E2E68FA2A
:10913B003E7A6BB00A7A7F272E44007E2E28FA3DAA
:10914B007A2BF0740F7A0BB074A17A1BB0DA3B2236
:10915B00CAD8CA797E1400A87E0400017E180020AC
:10916B0012B1377CF76CEE805D0A3E2E3400A87A84
:10917B0071827A61837EEBD0BED0614008BED07A1B
:10918B0038039ED020BED00D6805BED00A78139050
:10919B0000C8E0BEB00028031226FEE47AB30686B0
:1091AB0080229000C8E0BEB01F50199000C87EEB23
:1091BB00A07CBA04F00A3A2E3400867A71827A6166
:1091CB00837AEBD00BE0BCFE389F9000C8E07002B6
:1091DB008005BEF0002807E47AB30686801F7EB3B5
:1091EB000686BEB0035005047AB306867E730686E8
:1091FB00BE70034008E47AB306861226FEDA79DAEB
:10920B00D8227EB3026770030292B912B68A12C3D8
:10921B00FDBEB00368077E3400040292B47E2702C1
:10922B00657E3702497D526D447E0CFFFF7F709F38
:10923B00727E2F01DBBF2738107DF26DEE7E2F0182
:10924B00DB2F277A2F01DB80047A0F01DB7D536D37
:10925B00447F709F727E2F01BCBF2738107DF36D4A
:10926B00EE7E2F01BC2F277A2F01BC80047A0F01D1
:10927B00BC7E1701CFBD1250047A2701CF7E270188
:10928B00B8BD2350047A3701B87E37028EBE340046
:10929B0000280A7E37028E1B347A37028E7E370205
:1092AB008E4D3378097E340002740102C12222CA2A
:1092BB003B7F316D337E243E807A1F0413127293F1
:1092CB0070059F1102935F7EB30347BEB00268081F
:1092DB00BEB0036803B404067E1F03708059B40547
:1092EB00517E270348E41204066D117E04410012DF
:1092FB00032C12BAE07A1F040F7F1312A9957E6F0D
:10930B00040F7F0612028C7F716D337E243F807FAA
:10931B00061201D17E0F02C712028C7F071201D4F5
:10932B007A1F040B7E34CCCD7E243F0C7A1F0413A2
:10933B0080097F1312A9957A1F040B7E7F03067E8B
:10934B001F040B7F071201D17E0F041312028C7FB7
:10935B00071201D47A1F0306DA3B22CA3B7E5F0554
:10936B00757E7F04E17F177F051203AD400D7E6F85
:10937B0004E97F167F051203AD5004E402940C7EC2
:10938B005F05A77E4F04B17F147F051203AD380D27
:10939B007E0F05467E1F04BB1203AD50197E1F04C2
:1093AB00BB7F051203AD380B7E0F05467F141203EE
:1093BB00AD5003E4804B7EB433337EA43FB37F15B3
:1093CB007F0412028C7F071201D47F717E0F04BBC6
:1093DB007F1512028C7F061201D47F017F171201B9
:1093EB00D17F3112C7477E0F05671203AD5003E4DF
:1093FB00800F9F007F131203AD2804740180027449
:10940B00FFDA3B227D531B54BE54000B40030294E6
:10941B00A87EA003A49094247302944502944E0258
:10942B00945702946002946902947202947B0294A2
:10943B008402948D02949602949F7E34D4227E24CF
:10944B0000FF227E34D41D7E2400FF227E34D415EF
:10945B007E2400FF227E34D40D7E2400FF227E3436
:10946B00D4057E2400FF227E34D3FF7E2400FF220E
:10947B007E34D3F97E2400FF227E34D3F57E240084
:10948B00FF227E34D3ED7E2400FF227E34D3E47E94
:10949B002400FF227E34D3DA7E2400FF227E34D3D5
:1094AB00D57E2400FF227EB301EC14BEB00B40032B
:1094BB0002954A7EA003A49094C6730294E702948B
:1094CB00F00294F902950202950B02951402951D78
:1094DB0002952602952F0295380295417E34E79529
:1094EB007E2400FF227E34E7907E2400FF227E3410
:1094FB00E7887E2400FF227E34E7807E2400FF2253
:10950B007E34E7787E2400FF227E34E7727E2400CF
:10951B00FF227E34E76C7E2400FF227E34E7687ED8
:10952B002400FF227E34E7607E2400FF227E34E796
:10953B00577E2400FF227E34E74D7E2400FF227EDF
:10954B0034E7487E2400FF22CA3B7D617AB303B522
:10955B007A2703B37D737D310E340E340E340E3403
:10956B00BE3703B3780474018001E47E14EB407EB4
:10957B000400FF7E3401AC12B2807E3703B3BE34DD
:10958B00000278087D377E24000280177E3703B3F4
:10959B004D3378184D6678077D371287B5803D7D42
:1095AB00376D22124D937D377D26802D7E3703B389
:1095BB00BE3400017826BE64001078117D377E24FE
:1095CB000001124D937D377E240003800CBE640096
:1095DB001178097D377E240011126E3A7D377EB3E8
:1095EB0003B5126B2FDA3B22CA3B7F307A7304141C
:1095FB007AB30413E47AB304197E1F04157A1F049B
:10960B001A12C2B77EB304133EB012AD480A3B4DDB
:10961B0033684E7EB3041412AD480A3B4D33684198
:10962B0012C2B77EB304133EB0440112AD48603191
:10963B0074017AB3041980217E1F041ABE1800012D
:10964B00780474018001E412AA777A3BB00B747E24
:10965B001F041A1B1C7A1F041A7E1F041A4D237831
:10966B00D712C500801174FF7A3BB00B747E1F04B8
:10967B001A1B1C7A1F041A7E1F041A4D2378E77ECF
:10968B00B30419DA3B221B3468351B3468491B348D
:10969B00685B1B3468780B36680302972E7E3400A8
:1096AB00446D2274017E140003129553C28C758A8B
:1096BB0000758C00E58954F04404F589D28C227E28
:1096CB003400456D116D22E4129553758B00758D29
:1096DB0000438940D28E227E3400226D116D22E42C
:1096EB0012955375D70075D600438E18227E340021
:1096FB00146D2274017E14000312955353DDF7751C
:10970B00D50075D400E5DD54F0440CF5DD227E3434
:10971B0000166D116D22E412955375D30075D200AE
:10972B0043DDC022CA3B7F317A0F03AB6D3390030D
:10973B00E61BEA307E1F03AB4D23680474018001E6
:10974B00E47E14EA517E0400FF7E34006E12B28078
:10975B0080557E3400171285CC703ABE38001E50EF
:10976B00047D2780047E24001E9003E81BEA207EE4
:10977B003400037E0F03AB1281B19003E80BEA3088
:10978B007E0F03AB2D137A0F03AB6D229F316D331D
:10979B009003E6800F7E34000112C66E9003E60B39
:1097AB00EA300B341BEA30BE380000680C9003E63D
:1097BB000BEA30BE34006440997F13DA3B2212C9A6
:1097CB004A60097E34D0337E2400FF227EB30241EF
:1097DB0060097E34D02B7E2400FF2212001E60090C
:1097EB007E34D0267E2400FF2220031120010E7E22
:1097FB0037067C4D3378067EB3067B60097E34D00A
:10980B00227E2400FF227EB30193BEB00268097E44
:10981B0034D3F57E2400FF227EB3021160097E341F
:10982B00D0177E2400FF2212C3FDBEB00368097E51
:10983B0034D00F7E2400FF227EB305F470097E34F2
:10984B00D00B7E2400FF2212005670097E34D00606
:10985B007E2400FF229F1122CA7BCA6BCA5BCA4BB4
:10986B00CAF8CA2BCA1BCA0BC0D0C083C0827E34B5
:10987B00FA3A7E24007E7E1BB030E0427E1BB05451
:10988B00FE7A1BB090071A7EEBF06D3312ADA9BEBA
:10989B00F07F78157EA303A67CBA047AB303A6BE29
:1098AB00A014280A75C7608005E47AB303A67E3737
:1098BB0006264D3368087CBF7E37062699347E34E6
:1098CB00FA3A7E24007E7E1BB030E10D7E1BB05435
:1098DB00FD7A1BB06D3312ADA9D082D083D0D0DA14
:1098EB000BDA1BDA2BDAF8DA4BDA5BDA6BDA7B3270
:1098FB00CA69CAF87CFB1200867A3704617E370589
:10990B00D62E3705C97A3704637E6705F02E6705B7
:10991B00E3120056600A7E370461BE3400C8500360
:10992B00E4805FBEF000582E7E3705E3BE34005056
:10993B0048217E3704632E340050BD3638157E1413
:10994B0066667E04BF267E1F02FA1203AD380474CE
:10995B0001802FE4802C7E3705D6BE340050482181
:10996B007D362E340050BE37046338157E14666680
:10997B007E043F267E1F02FA1203AD400474018061
:10998B0001E4DAF8DA6922CA69CAF87CFB120086AC
:10999B007A3704617E3705D62E3705C97A370463CB
:1099AB007E6705F02E6705E3120056600A7E3704CA
:1099BB0061BE3400465003E4805FBEF000582E7E3B
:1099CB003705E3BE34000648217E3704632E34008E
:1099DB0014BD3638157E1451EC7E04BE387E1F0242
:1099EB00FA1203AD38047401802FE4802C7E370506
:1099FB00D6BE34000648217D362E340014BE370403
:109A0B006338157E1451EC7E043E387E1F02FA1229
:109A1B0003AD400474018001E4DAF8DA69227EB305
:109A2B00021114BEB00A4003029AB67EA003A490A2
:109A3B009A3E73029A5C029A65029A6E029A7702B8
:109A4B009A80029A89029A92029A9B029AA4029A8B
:109A5B00AD7E34E70B7E2400FF227E34E7687E2444
:109A6B0000FF227E34E7807E2400FF227E34E778DD
:109A7B007E2400FF227E34E7727E2400FF227E3498
:109A8B00E76C7E2400FF227E34E7017E2400FF2258
:109A9B007E34E6F67E2400FF227E34E7577E2400D8
:109AAB00FF227E34E74D7E2400FF227E34E79D7E2D
:109ABB002400FF22CA797D73BE740001680CBE744A
:109ACB0000026806BE74000378337EB302A0702DCB
:109ADB007EB3021370277EB3026770217EB301D66B
:109AEB00701B7EB3024170157EB30193B4020E7EE0
:109AFB00B30211700812C3FDBEB0036803E48046C5
:109B0B00BE74000378067E34000180027D377AF341
:109B1B00024CE47AB302319F007A0F020C7A0F01E8
:109B2B00EE6D227A2702077A2701E87A2702A57AB7
:109B3B0027028C7AB301EA74017AB302637AB30217
:109B4B00A012BD977401DA7922CA797CAB7F707F42
:109B5B00616CFF4CAB68457F56BE580000580A6ECF
:109B6B00B4FFFF6EA4FFFF0B5C7E7303E60A176D59
:109B7B00007F15120B727F102E1800307A7B707ECF
:109B8B007303E60A176D007F15120B727F510BF0F2
:109B9B00BE58000068400BF480CF803A7E7303E61A
:109BAB000A176D007F16120B217CE3BEE00A4005FD
:109BBB002EE03780032EE0307A7BE07E7303E60ADB
:109BCB00176D007F16120B217F610BF0BE68000032
:109BDB0068040BF480C67CBFDA7922CAF87CFB12CE
:109BEB0000867D137E3705D62E3705C97E2705F0F7
:109BFB002E2705E3BE14003C4006BE14017C28034F
:109C0B00E48067BEF00058327E1705E3BE14006493
:109C1B0018257E1705F0BE14004B181B2E240014BC
:109C2B00BD2338136D117E043E807E1F02FA120392
:109C3B00AD400474018033E480307E1705C9BE1437
:109C4B00006418257E1705D6BE14004B181B2E3446
:109C5B000014BD3238136D117E04BE807E1F02FAD4
:109C6B001203AD380474018001E4DAF8227E1F017F
:109C7B0094BE180008400E7E370191BE340002409E
:109C8B000474018001E460417EB30198B401207E2D
:109C9B003701C17A3702A57EB3023144017AB30290
:109CAB00317EB3024CB403197E34000202BD977EA1
:109CBB003701C17A37028C7EB3023144027AB30288
:109CCB00317E3400026D22802A7E7301C0BE700388
:109CDB0050087EB301C00402BD327EB30198B401BB
:109CEB000A7E3400047E24000380087E3400057E47
:109CFB00240004740102BC30CA3B7D737E340FFF19
:109D0B007A3704646D669F117A1F0466E47AB30494
:109D1B00617D376D2212C8A27A3704627D136D0004
:109D2B007E1F04662F107A1F04667E370464BE37CD
:109D3B00046228087E3704627A370464BE670462C3
:109D4B0050047E6704627EB30461047AB304617EBF
:109D5B00730461BE700540B97E1704646D007E1FED
:109D6B0004669F107A1F04667D167E1F04669F1083
:109D7B007A1F04667E1400037E1F0466120B1FDA23
:109D8B003B22CA3B7CFB1200867D637E1F02FA12CC
:109D9B0004C77A1F04617D362E340008BE37039C3E
:109DAB0040057EE00180026CEE7E14D70A7E043DF6
:109DBB00A37E6F034E7F161201D47E7F04617F0753
:109DCB001203AD40057EA00180026CAA4CEE780414
:109DDB004CAA68167E37039CBD3628097F177F0671
:109DEB001203AD38057EE00180026CEE7CBF129B46
:109DFB00E660084CEE680474018001E47A67039C0A
:109E0B007E1F04617A1F034EDA3B22CAF87CFB7C6F
:109E1B007F4E7302CC7A7302CC7EB302CC90067D5C
:109E2B00F07EB30347900691F07EB30386900682D3
:109E3B00F07E1F03061204C76D117E04447A1202D2
:109E4B008C12043E9006981BEA3012A8326D117EDC
:109E5B0004447A12028C12043E90068A1BEA30E408
:109E6B00128F2C7E1F03067A1F02C70A3F5E340037
:109E7B0006680A9F117A1F02C77A1F03069F117A81
:109E8B001F02E17A1F039774057AB303477A3703EE
:109E9B0048DAF8227584017E440FFFE47A49B01B3F
:109EAB004478F99000007E348000E4F0A31B3478F2
:109EBB00FA7EF80691C200C201C202C203C2047E3E
:109ECB000400FF7E14D42A0B0A405D44681A6920F3
:109EDB0000020B0E0B44800A7E0BB07A29B00B24C8
:109EEB000B0C1B4478F280DF7E0400FF7E14E5B57B
:109EFB000B0A405D446822295000020A2569300094
:109F0B00032E0800050B44800A7E0BB07A1BB00BA6
:109F1B001C0B0C1B4478F280D702C1E3CA3B7F3089
:109F2B007A2703B07A3703AE6D337A3703B27E7379
:109F3B00066FBE3703AE280474018001E47E14EA79
:109F4B008B7E0400FF7E34010A12B2807E73067092
:109F5B000A37BE3703B0280474018001E47E14EA8B
:109F6B008B7E0400FF7E34010B12B28080287E377B
:109F7B0003B23E343E343E342E3703AE7E2703B05D
:109F8B007F032E1703B27E0BB0128C117E3703B2F8
:109F9B000B347A3703B27F132E3703B27E1BB070AC
:109FAB00CDDA3B227D13BE140001780A7E54D38494
:109FBB007E4400FF8018BE140002780A7E54D382C0
:109FCB007E4400FF80087E54D3807E4400FFBE1485
:109FDB000003780A7E34D3597E2400FF80027F125F
:109FEB007A2F03D27E0800327A0F03CE7E080064EC
:109FFB007A0F03CA7A1F03C67E1400007E04000189
:10A00B007E34D31C7E2400FF121B14BE180080402C
:10A01B00047E18007FE42E3400007A71827A61830B
:10A02B00F07E1400007E04000102C9797D531B549D
:10A03B00BE54000950747EA003A490A0497302A0E3
:10A04B006402A06D02A07602A07F02A08802A091FC
:10A05B0002A09A02A0A302A0AC7E34D4227E2400DC
:10A06B00FF227E34D3D07E2400FF227E34D4157E93
:10A07B002400FF227E34D40D7E2400FF227E34D4B4
:10A08B00057E2400FF227E34D3F57E2400FF227E42
:10A09B0034D3ED7E2400FF227E34D3E47E2400FFF4
:10A0AB00227E34D3DA7E2400FF227E34D3D57E2465
:10A0BB0000FF22CA3B12B646746B12C6127AB30368
:10A0CB00A9746A12C6127AB303AA12000EB46A0AF2
:10A0DB007E74D3CD7E6400FF80087E74D3CA7E6409
:10A0EB0000FF12BC997F217E7303A90A376D227A78
:10A0FB001F03D27E7303AA7A1F03CE7A3F03CA7E55
:10A10B001400007E0400017E34D3957E2400FF7A78
:10A11B002F03C6121B14BE18008040047E18007F4C
:10A12B00E42E3400007A71827A6183F07E14000091
:10A13B007E04000112C979DA3B227CAB7F717F6010
:10A14B007E3400019007181BEA307401900704F06D
:10A15B0080157E34000A9007180BEA20AD321BEAFB
:10A16B0030900704E004F0900704E0BCBA40E3E44D
:10A17B00900704F080429007180BEA207E3703A764
:10A18B008D327E24000A8D327D322E3400307CB726
:10A19B007E7B700A477F162D347A1BB07E7BB00412
:10A1AB007A7BB07E24000A9007180BEA308D321BA5
:10A1BB00EA30900704E004F0900704E0BCBA40B624
:10A1CB0022CA797CF77CEB12C945700B7E14D26BDB
:10A1DB007E0400FF12C979BEE001680A7E14D230FA
:10A1EB007E0400FF805BBEF000580A7E34D2287ECE
:10A1FB002400FF8017BEF000080A7E34D2207E2494
:10A20B0000FF80087E34D21B7E2400FF7A1F03D20E
:10A21B007E1400007E0400017E34D1A77E2400FF53
:10A22B00121B14BE18008040047E18007FE42E34ED
:10A23B0000007A71827A6183F07E1400007E040044
:10A24B000112C979DA7922CA3B1200867A37046186
:10A25B007E7705D62E7705C97E6705F02E6705E359
:10A26B00120056600A7E370461BE3400505003E47E
:10A27B0080537E3705E3BE340008481F7D372E34EC
:10A28B00001EBD3638157E1447AE7E04BE617E1FA0
:10A29B0002FA1203AD380474FF802A7E3705D6BE4E
:10A2AB00340008481F7D362E34001EBD3738157E0E
:10A2BB001447AE7E043E617E1F02FA1203AD4004CA
:10A2CB0074018001E4DA3B22CA3BBE340001780AF8
:10A2DB007E74D3847E6400FF8018BE340002780A3B
:10A2EB007E74D3827E6400FF80087E74D3807E648C
:10A2FB0000FF12C8DB7D536D447A3F03D27E1800FA
:10A30B00327A1F03CA7E1803E87A1F03C67E140035
:10A31B00007E0400017E34D35D7E2400FF7A2F0380
:10A32B00CE121B14BE18008040047E18007FE42E52
:10A33B003400007A71827A6183F07E1400007E040F
:10A34B00000112C979DA3B227E1807D07A1F03D29B
:10A35B007A1F03CE7A1F03CA7E1803E87A1F03C63F
:10A36B007E1800327A1F03C29F117A1F03BE7A1F19
:10A37B0003BA7E1400007E0400017E34D1757E2466
:10A38B0000FF121B14BE18008040047E18007FE4EF
:10A39B002E3400007A71827A6183F07E1400007E85
:10A3AB0004000112C9797E14D0DB7E0400FF12C9B0
:10A3BB00797E14D0957E0400FF12C9797E14D038B3
:10A3CB007E0400FF02C9797EB304F2B402097E3425
:10A3DB00D3ED7E2400FF2212C93B60097E34CD33BE
:10A3EB007E2400FF2212C95960097E34CD2D7E24B4
:10A3FB0000FF2212008E60097E34CD277E2400FFE1
:10A40B002212C94A60097E34CDF17E2400FF227EE0
:10A41B00B3024170097E34CD207E2400FF227EB32F
:10A42B0004F2B4011712001660097E34CD167E2497
:10A43B0000FF227E34CD127E2400FF227E34D00119
:10A44B007E2400FF22CA7BCA6BCA5BCA4BCAF8CAFE
:10A45B002BCA1BCA0BC0D0C083C0827E34FA4A7E83
:10A46B0024007E7E1BB030E0257E1BB054FE7A1B91
:10A47B00B090071B7EEBF07E34000112ADA97E3746
:10A48B0006284D3368087CBF7E37062899347E3406
:10A49B00FA4A7E24007E7E1BB030E10F7E1BB05447
:10A4AB00FD7A1BB07E34000112ADA9D082D083D0CF
:10A4BB00D0DA0BDA1BDA2BDAF8DA4BDA5BDA6BDA97
:10A4CB007B32CA7BCA6BCA5BCA4BCAF8CA2BCA1B84
:10A4DB00CA0BC0D0C083C0827E34FA5A7E24007E61
:10A4EB007E1BB030E0257E1BB054FE7A1BB090076C
:10A4FB001C7EEBF07E34000212ADA97E37062A4D8E
:10A50B003368087CBF7E37062A99347E34FA5A7E2C
:10A51B0024007E7E1BB030E10F7E1BB054FD7A1BF6
:10A52B00B07E34000212ADA9D082D083D0D0DA0B2A
:10A53B00DA1BDA2BDAF8DA4BDA5BDA6BDA7B32CA54
:10A54B003B1200867A3704617E3705D62E3705C954
:10A55B007A3704637E6705F02E6705E37E1F02FAE8
:10A56B001204C76D117E04447A12028C12043EBE93
:10A57B0067046350087E7704639D7680067D769E24
:10A58B007704639006870BEA20BE270461500A7E8E
:10A59B002704619006871BEA2090067E0BEA20BDFC
:10A5AB0023500690067E1BEA309006B50BEA30BDB1
:10A5BB003750069006B51BEA70DA3B226D446C7778
:10A5CB00740DACB7495505C92D450B70A5BF04F0EB
:10A5DB007A4705BD7EB305F5602FE47AB305F7BE68
:10A5EB00440023501E7EB305BCBEB0035005047A55
:10A5FB00B305BC7E7305BCBE7003403CE47AB30567
:10A60B00F58000E47AB305BC22E47AB305BCBE4402
:10A61B000032401F7EB305F7BEB0035005047AB37A
:10A62B0005F77E7305F7BE7003400D74017AB30511
:10A63B00F58000E47AB305F722CAD8CA797CDB7DB2
:10A64B0073E47AB301D66D337A3701F37AB3027FB1
:10A65B007AB302417AB304F27AB304A212C8357EFC
:10A66B00B3023F60357E1F02A17A1F00D97E1F0205
:10A67B00907A1F00DD7E1F02887A1F00E17E1F0289
:10A68B00847A1F01357E1F02687A1F01397E1F02F3
:10A69B005E7A1F013DE47AB3023F12C90512B08CFA
:10A6AB0012B68A7C7F7A7301A64CDD68047A73023A
:10A6BB002DDA79DAD8227E7F057F7E1F04E17F07B2
:10A6CB001203AD400B7E1F04E97F071203AD50024E
:10A6DB00E4227E5F05427E6F04B17F167F05120375
:10A6EB00AD40227E0F056C7E7F04BB7F171203AD3E
:10A6FB0038137F167F071201D17E0F05311203AD80
:10A70B0040037401227E7F04BB7F177F051203ADCC
:10A71B00401E7E0F056C7F161203AD38137F177F1B
:10A72B00061201D17E0F05311203AD400374FF22D7
:10A73B00E4227E3400087A3705BF7E3400097A376D
:10A74B0005CC7E34000D7A3705D97E34000E7A376E
:10A75B0005E66C776D447E500DAC57594205C159D7
:10A76B004205C37E3002AC377DF12EF4C8457EE442
:10A77B0000FF0B7A00590205C52E14C84D7E04004C
:10A78B00FF0B0A50595205C76D55595205C9740133
:10A79B0019B205CB0B70BE700440B97A4705BDE406
:10A7AB007AB305F57AB305F77AB305BC22CA3B7EBB
:10A7BB000F04BB7E1F04B11201D17F717E0F05FC0C
:10A7CB0012028C7F617E0F04E97E1F04E11201D11E
:10A7DB007E0F05F812028C7F061201D47F317F1792
:10A7EB001204C77E0F060012028C7F717E0F04E9E4
:10A7FB007E1F04E11201D47E0F05F812028C7F0735
:10A80B001201D47F717E14126F7E043A831203AD52
:10A81B0050049F11800E7F137F0712032C7E0F05B0
:10A82B00B712028CDA3B22CA3B7EB30347B4043324
:10A83B006D117E0443117E1F03161201D16D117E23
:10A84B000441D812032C12BAE07F316D337E243EC3
:10A85B00807F0312028C7F016D337E243F801201B7
:10A86B00D180397EB30347B4052C7E270348E4120D
:10A87B0004066D117E04410012032C12BAE07F31E5
:10A88B006D337E243E807F0312028C6D117E043F5C
:10A89B00401201D480066D337E243F80DA3B22CAFE
:10A8AB00F86CFF12B6467E34001412C66E12005EB0
:10A8BB0070047401805C12C05060107E14EC027E38
:10A8CB000400FF12047B7EF0018045740D7E700343
:10A8DB0012C29574107E703C12C29574117E705C1E
:10A8EB0012C29574127E704412C29574137E70025C
:10A8FB0012C29574146C7712C29574156C7712C2D0
:10A90B009574166C7712C29574187E700112C295ED
:10A91B007CBFDAF822CA7BCA6BCA5BCA4BCA2BCA8A
:10A92B001BCA0BC0D0C083C0827E34FA6A7E24005F
:10A93B007E7E1BB030E0217E1BB054FE7A1BB07EB6
:10A94B0034000312ADA97E37062C4D33680A9007ED
:10A95B001DE07E37062C99347E34FA6A7E24007E05
:10A96B007E1BB030E10F7E1BB054FD7A1BB07E34E2
:10A97B00000312ADA9D082D083D0D0DA0BDA1BDA68
:10A98B002BDA4BDA5BDA6BDA7B32CA3B7F311200A4
:10A99B0086BE34012C402A7E3705D6BE3400505873
:10A9AB00207E3705E3BE34005058167F131204C7C0
:10A9BB007E14CCCD7E043E4C1203AD40049F11801F
:10A9CB003A7F131204C77E14D70A7E043CA31203EA
:10A9DB00AD38049F1180247E34CCCD7E243DCC7ABF
:10A9EB001F046D7E14C28F7E043DF57F1312028C03
:10A9FB007E14CCCD7E04BDCC12C3BFDA3B227E3796
:10AA0B0002094D3378036D33227E270209E41204C9
:10AA1B00067F017E1F029412032C7F417E270209C1
:10AA2B00E41204067F017E1F026C12032C7F517F00
:10AA3B00147F051203AD50047F6480027F657F1481
:10AA4B007F051203AD28047F7480027F759F007F02
:10AA5B00171203AD38036D33226D117E04447A7FD8
:10AA6B001612028C7F0712032C02043ECAD8CA7935
:10AA7B007CFB7ED0086CEE7E340051740180197E15
:10AA8B003400507401126B2F7E3400511285CC3E72
:10AA9B00E04CEB7E340050E4126B2F7CAD1BD04CA2
:10AAAB00AA78DC4CFF68087E340051740180057E67
:10AABB00340051E4126B2F7E3400507401126B2F53
:10AACB007E340050E4126B2F7E3400517401126BF4
:10AADB002F7CBEDA79DAD8227E3400017E24000383
:10AAEB007E14C4E57E0400FF12BF457E34059A7EBA
:10AAFB002400017A1F03A97E1800807A1F03AD7E04
:10AB0B001405837E0400016D3312AB4E7E340017A7
:10AB1B007E24000274017E1400201295537E343083
:10AB2B00127A3703AB7E3400037E14C2007E04001E
:10AB3B00017E24301312644E7E340003740112B96B
:10AB4B00BBE422CA3B7A3703A77F30BE38000068CC
:10AB5B000474018001E47E14EB157E0400FF7E3447
:10AB6B00022712B2807E1F03A979330005792300D7
:10AB7B0003E47A3BB07E3703A7793300019F117949
:10AB8B00330009792300077933000D7923000B7EFD
:10AB9B001F03AD793300117923000F7E1F03AD79AD
:10ABAB00330015792300136D33DA3B22CA3B7AB39A
:10ABBB0004117D727D637EB301F6B40315BE640090
:10ABCB000278094D7778057E700180026C777A7375
:10ABDB00023EE47AB302136D337A37022E7AB30254
:10ABEB00747AB302527AB301BB7AB301997AB30286
:10ABFB004B7AB301F212B68A7CAD7AA301EC7EB329
:10AC0B00041160047AA3024F4D7768057D3712C09B
:10AC1B00A6DA3B22A9D7BA75BA8075EA0075E900A6
:10AC2B001283CA7A1F068712BAA775940075930010
:10AC3B0075920075910075960075950075B200754B
:10AC4B00B10075B40075B30075CA0075C90075CC39
:10AC5B000075CB0075E20075E10075DE00758E00A6
:10AC6B00759800759A0075AC0075FD0075A200759E
:10AC7B00AF0075890002C9737EB301A61BB1681CB6
:10AC8B0014682214682814682E14683414683A2443
:10AC9B0006783F7E34E7957E2400FF227E34E790D2
:10ACAB007E2400FF227E34E7887E2400FF227E3440
:10ACBB00E7397E2400FF227E34E7687E2400FF22E2
:10ACCB007E34E7607E2400FF227E34E72E7E240054
:10ACDB00FF227E34E7487E2400FF227EB30193BE21
:10ACEB00B00268049F11804C12B6CC7E37000F1255
:10ACFB00C7117A1F02147E37001112C7117A1F0277
:10AD0B001C7E37001312C7117A1F02277E0F01D248
:10AD1B001201D17F617E0F029C6D337E243F401266
:10AD2B00028C7F716D337E243E807F0612028C7FF6
:10AD3B00071201D47A1F029C7A1F04D122CA797C94
:10AD4B00FB7EE0807CBE5CBF68087E3400517401E2
:10AD5B0080057E340051E4126B2F7E340050740159
:10AD6B00126B2F7E340050E4126B2F1EE078D57ED1
:10AD7B003400517401126B2F7E3400507401126B2E
:10AD8B002F7E3400511285CC70057EF00180026C51
:10AD9B00FF7E340050E4126B2F7CBFDA79227D43A7
:10ADAB006CAA7D131A021A0074047F102F111478E9
:10ADBB00FB7F712EE4007E2E78FA3B7A7BA0E42F8A
:10ADCB00002F002E04007E2E08FA8A7A0BB07D1419
:10ADDB002E14071A7F212E44007E2E28FA3E7A2B42
:10ADEB00300A527F012E04007E2E08FA3D7A0BB0FA
:10ADFB0074A12E24007E2E18FA397A1BB0227D12F4
:10AE0B007D2343BC8053BCF07CA77CB542BC0E3485
:10AE1B000E340E34BE340001781B7CBA54077E040A
:10AE2B00000160053E041478FB7CB164FF52947CF6
:10AE3B00B14293801D4D3378197CB554077E0400C5
:10AE4B000160053E041478FB7CB164FF52927CB127
:10AE5B00429143DE0743DE207A33001F22CA3B7A3E
:10AE6B001703AC7D727D637E73066F0A37BD362880
:10AE7B000474018001E47E14EA8B7E0400FF7E34AF
:10AE8B0000D812B2807E7306700A37BD372804745F
:10AE9B00018001E47E14EA8B7E0400FF7E3400D92E
:10AEAB0012B2807D367D277D167D0712699C7E341C
:10AEBB0000027E2703AC12C69ADA3B227F717F60B9
:10AECB00BE6800006806BE7800007802E4227EB3FC
:10AEDB00057E600A7E370557BE3400026802E42205
:10AEEB007E73057DBE700008147E1F05971203F359
:10AEFB00793600021B6A207E1F058380127E1F0598
:10AF0B0083793600021B6A207E1F05971203F379A3
:10AF1B003700021B7A20740122CA797D7312B68A1C
:10AF2B007EB30198B40123C2EE7E3424747D176D79
:10AF3B0000127AAF7D27E41204067A1F02337401E4
:10AF4B007AB302377A1F019E80287EB30198B40230
:10AF5B0021C2EA7E3404707D176D00127AAF7D2713
:10AF6B00E41204067A1F022074017AB302247A1FBA
:10AF7B000298DA79227CAB7E3400057A3705577A52
:10AF8B00A3057D6D337A370552E47AB305B37AB3F3
:10AF9B0005B674017AB3056BBEA00008067E3400BB
:10AFAB000180047E3400027A37055574017AB305AB
:10AFBB00B49F117A1F04F37A1F02C17AB305B57AD5
:10AFCB001F03227E1F02D512043E12C83502C9058B
:10AFDB00CA3B7F307A2703A97A3703A7E49006BCD4
:10AFEB00F0802A7E3703A77E2703A99006BCE00AD0
:10AFFB001B2D177D067E0BB0128B417E3703A72EC0
:10B00B0034000A7A3703A79006BCE004F09006BC24
:10B01B00E00A3B2D377D267E1BB0600A7E3703A7E7
:10B02B00BE3400E628BDDA3B226D337A370557E490
:10B03B007AB3057D6D227A2705527AB305B37AB3BD
:10B04B0005B67AB3056B7A2705557AB305B47AB38F
:10B05B0005357A37054A7AB305B59F117A1F02C1B8
:10B06B007AB303567A1F03227A1F04F37A1F030263
:10B07B007A1F05637E1F02CD12043E12C83502C92A
:10B08B00059F117A1F033AE47AB303477AB3039B04
:10B09B007AB3036F7AB303867AB302CC6D117A1746
:10B0AB0003487A1703437A1703457A17039C7A17D9
:10B0BB0002C57AB302CB7A1F03167A1F03067A1FD7
:10B0CB00034E7A1F02E17A1F03977A1F03677A1FD9
:10B0DB0003707A1F02C7227F209F117932002A79D1
:10B0EB002200287932002E7922002C793200327915
:10B0FB0022003079320036792200347932003A79E5
:10B10B002200387932003E7922003C7932004279B4
:10B11B0022004079320046792200447932004E7980
:10B12B0022004C7932004A7922004822CA3B7F30F8
:10B13B009003E2793E00021BEA20BE38000068044F
:10B14B0074018001E47E14EA517E0400FF7E34001A
:10B15B009F12B2807E3403E27E2400017A1F03AB80
:10B16B006D337A3703AF7E1405837E0400017F13A2
:10B17B001242659003E2693E00020BEA20DA3B22A1
:10B18B00CA3B7A0F040BBE34000178377E1F0608CA
:10B19B001204C77F317E1F06041204C77F031201FE
:10B1AB00D47E145E3E7E0437A312028C7E7F040B8A
:10B1BB00691700020B7A001201D4793700021B7A4F
:10B1CB0020800D9F007E1F040B791100021B1A00BB
:10B1DB00DA3B22CA3B7D736D226D337E33066F0AD9
:10B1EB00131B147E1306700A011B0412699C6D66F7
:10B1FB0080256D33800F7E3400027D2712C69A7E28
:10B20B003703A70B347A3703A77E7306700A37BE52
:10B21B003703A738E10B647E73066F0A37BD6340B3
:10B22B00D1DA3B221B34681B1B3468221B34682B7E
:10B23B001B3468340B36783CC28C758C00758A00D5
:10B24B00D28C22C28E758D00758B00D28E22538EBE
:10B25B00EF75D60075D700438E102253DDF775D4EA
:10B26B000075D50043DD082253DD7F75D20075D301
:10B27B000043DD8022CA3B7A3704667F307AB30401
:10B28B00657E34EBD77E2400FF7E140468740D12A8
:10B29B000BCF80267E1804687A1F04997A3F049599
:10B2AB007E3704667A3704937E14EBBF7E0400FF6F
:10B2BB0012047B7E3401F412C66E7EB3046560D437
:10B2CB00DA3B227DF27DE31BE468141BE468161B5A
:10B2DB00E468181BE4681A0BE678356D3380167E2C
:10B2EB0034000180107E340002800A7E340003801B
:10B2FB00047E340004CA397E0803E87E1F068712D9
:10B30B000B727D1F6D00120B057F01DA390276C9B6
:10B31B00227D236D331B24681A1B2468201B246891
:10B32B00261B24682C0B267834E58C7C4B6C55E55E
:10B33B008A8026E58D7C4B6C55E58B801CE5D67C95
:10B34B004B6C55E5D78012E5D47C4B6C55E5D5801D
:10B35B0008E5D27C4B6C55E5D30A3B4D3222CA3BF8
:10B36B0012C8027F3112C7CF7F01BF3150047F1348
:10B37B0080027F10BF3028047F6380027F60BE682D
:10B38B00000078046D33801FE41204016D117E04FC
:10B39B00447A12028C7F717F16E41204017F017FC5
:10B3AB001712032C12043EDA3B227F706C77801E3F
:10B3BB000A272E2400867A51827A4183E00A277F5E
:10B3CB00072D127E0B60BC6B6802E4220B700A2700
:10B3DB007F072D127E0BA04CAA68089000C8E0BC1A
:10B3EB00B738CD9000C8E0BCB778084CAA78047485
:10B3FB00018001E422CAF87CFB7F607F719F557F3F
:10B40B00109F001203AD28097F177F051203AD4073
:10B41B00167F167F051203AD50097F177F051203A8
:10B42B00AD38044DCD7814BE780000680A7C7F4E91
:10B43B007303307A7303307F1580027F17DAF8229B
:10B44B007E3400407A3703AB6D337E14C2007E042A
:10B45B0000017E24004112644E7E34061A7E2400C5
:10B46B00017A1F03A97E1800407A1F03AD7E1406D4
:10B47B005B7E0400016D3312AB4E6D33740112B958
:10B48B00BB7E34C0257A370626227E3400027E141A
:10B49B00E8477E0400FF6D2212809E7E3400227EE0
:10B4AB0014E8447E0400FF7E24000112809E7E344B
:10B4BB0000427E14E8417E0400FF7E2400021280CD
:10B4CB009E7E3400627E14E83E7E0400FF7E2400E4
:10B4DB000302809ECAF87F707D137D032E04071A2A
:10B4EB007A11827A0183E07A7BB01A221A247404CF
:10B4FB002F111478FB2E24007E2E18FA3A7E1BB0E7
:10B50B005403680D7EF0017E1BB054FC7A1BB08097
:10B51B00026CFF7D3112ADA97CBFDAF822E49000FA
:10B52B00CBF090034FF090034F7EEB70740DACB7E4
:10B53B00493505C3BE340004281CBE340FFB50161E
:10B54B0090034FE07E34000160053E341478FB908D
:10B55B0000CBE04CB7F090034FE004F090034FE0CA
:10B56B00BEB00440C1221B3468191B34681E1B3447
:10B57B0068291B34682E0B367833A9328903740182
:10B58B0022E422A9368903740122E422E58E0A3BC8
:10B59B005E3400086803740122E422A932DD0374CF
:10B5AB000122E422A936DD03740122E422E4227F86
:10B5BB00617F702E140007693000020B0A202F16D2
:10B5CB00801769570015694700137F072E14000772
:10B5DB00693000020B0A209F12793000021B0A20EF
:10B5EB0069170009690700076937001569270013F8
:10B5FB00BF1028CE227F617F702E14000B693000A4
:10B60B00020B0A202F168017695700156947001384
:10B61B007F072E14000B693000020B0A209F127952
:10B62B003000021B0A206917000D6907000B6937F0
:10B63B00001569270013BF1028CE22CAF87E3400EC
:10B64B00507E24000174017E1400111295537E3438
:10B65B0000517E24000174017E1400111295536C6D
:10B66B00FF7E340050E4126B2F7E340050740112B5
:10B67B006B2F0BF0BEF00940E812C500DAF8227E02
:10B68B003424749F00127AAF7E3404709F00127AB8
:10B69B00AFC2EEC2EA9F117A1F0233E47AB30237CC
:10B6AB007AB302387AB302397A1F02207AB30224B2
:10B6BB007AB302257AB302267A1F019E7A1F02986B
:10B6CB002274227E08040D7E18000612C8847E7335
:10B6DB00040E7C476C557E73040D7C647A37000F27
:10B6EB007E7304107C477E73040F7C647A370011E1
:10B6FB007E7304127C477E7304117C647A370013CB
:10B70B0022CA3B7F307F01700280247EB30193BE3F
:10B71B00B00268067E340002800A7EB302417009D3
:10B72B007E34000112C0A680157EB3021160051293
:10B73B00B68A800A7F10127BEF7F1312796ADA3B8D
:10B74B0022CA3B7F3012C8F76D229003E2793E008C
:10B75B00021BEA20BE380000680474018001E47EFD
:10B76B0014EA517E0400FF7E34008E12B2807F03F8
:10B77B009003E2693E00020BEA2012972FDA3B227C
:10B78B00CA3B7F311204C77E14D70A7E043CA31236
:10B79B0003AD38049F1180247E34CCCD7E243DCC68
:10B7AB007A1F046D7E14C28F7E043DF57F13120247
:10B7BB008C7E14CCCD7E04BDCC12C3BFDA3B227E73
:10B7CB00B302401BB1681314681914681F24037863
:10B7DB00247E34E7957E2400FF227E34E7907E247E
:10B7EB0000FF227E34E7887E2400FF227E34E75759
:10B7FB007E2400FF227E34E7487E2400FF227F60F8
:10B80B007F711203AD50167E0F04167F171201D4F1
:10B81B007F717F061203AD28217F76801D7F177FF6
:10B82B00061203AD28147E0F04167F171201D17F69
:10B83B00717F061203AD50027F767F1722BE340054
:10B84B003238039F1122BE34008C40076D337E24A7
:10B85B003F80227D239E240032E41204066D117E6C
:10B86B000442B412032C7E1466667E043F26120239
:10B87B008C7E1433337E043EB30201D47F617F7020
:10B88B009F1180267F061B0C9F017D017F272D5169
:10B89B007E2B307D532D5F7E2B207F272D507A2BD7
:10B8AB00207F272D537A2B300B1C7F261E541E44D2
:10B8BB0050034EA080BF2138CB227CAB1B346814C5
:10B8CB001B3468190B35782075CDC07AA1CFE5CD27
:10B8DB0030E7FB22C2997AA1993099FD22A9C19A2E
:10B8EB007AA19BA9319AFC22E47E14EB957E04008D
:10B8FB00FF7E34006502B280CAF87E340003E41286
:10B90B00B9BBE49000C8F06CFF7E1400A87E040065
:10B91B00017E18002012B1374D2368070BF0BEF0E3
:10B92B000440E67E34000312ADA97E34000374019B
:10B93B0012B9BBDAF8227F717E0F04B17E1F04E1CE
:10B94B001201D47E0F04BB1201D47E0F04E9120145
:10B95B00D46D117E04420C1203AD40157F1712C734
:10B96B00477E1466667E043EE61203AD380374010F
:10B97B0022E4227F71BE0800006834BE78000068A4
:10B98B002E6C777E9002AC977F602DD40B6A20745F
:10B99B000DACB7592505C57F672DD40B6A205925EA
:10B9AB0005C70B70A5BF04DB12BBC27AB305F4222B
:10B9BB007C5B4C5B681A1A261A2474042F111478BA
:10B9CB00FB2E24007E2E18FA387E1BB04480801884
:10B9DB001A261A2474042F111478FB2E24007E2EA1
:10B9EB0018FA387E1BB0547F7A1BB0227D417DF252
:10B9FB007D53BD4240036D33227DD46DCC7D356DBF
:10BA0B00229F1674072F111478FB7D1F6D009F0664
:10BA1B00120B72BE18000058049F11800ABE18004A
:10BA2B008008047E180080227E3400027A37055786
:10BA3B007AB3057D6D337A370552E47AB305B37A61
:10BA4B00B305B674017AB305357A37054A9F117A77
:10BA5B001F03027AB303567AB305B57A1F0322028A
:10BA6B00C90512C64070039F11227EB301EB30E073
:10BA7B000280227E730230BE700340076D337E243A
:10BA8B0044FA227E730230BE700240097E3480007D
:10BA9B007E2444D4226D337E2444AF227E0817705B
:10BAAB007E7F06877F17120B727A37068B7E14CF39
:10BABB00C07E04006A7F17120B727A37068D7E34B4
:10BACB001B007E2400B7BF71180A7E37068D0B341E
:10BADB007A37068D227F616D337E243F807A1F0477
:10BAEB006D7F169F0012C3BF7F616D337E244000B4
:10BAFB007F0612028C7F016D337E2440401201D1F0
:10BB0B007F717F167F0612028C7F0702028C300337
:10BB1B003330013020042D7EB304F2702712C39F03
:10BB2B0070227E37067CBE3400016806BE340002EC
:10BB3B0078127E34A2437E080BB8127AAF741E7A49
:10BB4B00B3067B2202C8937A0F03D27E1400007EC9
:10BB5B000400017E34D3867E2400FF121B14BE1812
:10BB6B00008040047E18007FE42E3400007A71823E
:10BB7B007A6183F07E1400007E04000102C9791201
:10BB8B00C64070039F11227EB301EB30E10280208F
:10BB9B007E730232BE700340076D337E2444AF22A6
:10BBAB007E730232BE700240076D337E24447A22CC
:10BBBB006D337E244416227E70016C667E500DAC74
:10BBCB0056490205C5491205C7BD1028089D10BE70
:10BBDB001400C85009E419B205CB6C7780067401C8
:10BBEB0019B205CB0B60BE600440D17CB722CA3BB7
:10BBFB007EB301F6B4031C12C8027F3112C7CF7E8D
:10BC0B000CFFFF9F01BF3038042F1380157E1CFFE4
:10BC1B00FF800F7EB301F6B4020512C7CF8003126B
:10BC2B00C802DA3B22CA3B7AB3040B7D727D63E414
:10BC3B007AB302A07AB302127AB301DF12B68A7C0E
:10BC4B00AD7AD302637EB3040B60047AA301EA4D91
:10BC5B007768057D3712C0A6DA3B22CA3B7F30BE20
:10BC6B00380000680474018001E47E14EB157E0437
:10BC7B0000FF7E34007A12B2806913001169030051
:10BC8B000F69330015692300139F10DA3B227EB333
:10BC9B0001931BB168101468160BB1781B7E34E747
:10BCAB002A7E2400FF227E34E7277E2400FF227E9B
:10BCBB0034E71E7E2400FF227E34E7167E2400FF2D
:10BCCB00227EB3024C1BB168101468160BB1781BA3
:10BCDB007E34E7A67E2400FF227E34E7A47E240078
:10BCEB00FF227E34E7A27E2400FF227E34E79D7E76
:10BCFB002400FF227EB301F61BB168101468160BEB
:10BD0B00B1781B7E34E7A67E2400FF227E34E7A4A5
:10BD1B007E2400FF227E34E7A27E2400FF227E34A5
:10BD2B00E79D7E2400FF22CAF87CFB12C33D7AF309
:10BD3B0001C074147AB30212E47AB301DF9F117A53
:10BD4B001F01947A3701917CBF12C37F7A3701C1EF
:10BD5B007E3701C112AF24DAF8227F017EB301D600
:10BD6B0060146D337E2442207A1F04167F106D11F0
:10BD7B007E04C2A080137E2F02757A2F0416CA0B85
:10BD8B007F121203F37F01DA1B02C3DECA797D73C4
:10BD9B0012B68A12C33D7AF30198E47AB301C074E8
:10BDAB000A7AB30212E47AB301DF6D337A3701C139
:10BDBB009F007A0F01947A370191DA7922CA797E42
:10BDCB00B301F6B4031612C7E07D7312C7AD7D2322
:10BDDB00BD2750047D3780137D32800F7EB301F673
:10BDEB00B4020512C7AD800312C7E0DA792253BC47
:10BDFB00F07CB742BC43BC40E5BC30E5FB53BCDF39
:10BE0B00E5BD7C6B6C77E5BE0A2B4D3275BD0075BD
:10BE1B00BE007EB3001F60051E341478FB2212C4D3
:10BE2B005712C27212C22B12C207E412C0F9E412EB
:10BE3B00C6AFC20512C7356D3312C83512C905E43A
:10BE4B007AB304F27AB304A212B68A02C7237EB382
:10BE5B000193BEB0026802E42212C207E47AB30275
:10BE6B00117AB302417AB304F27AB304A26D33129E
:10BE7B00C83512C90512C41C12B68A740122CA3BFA
:10BE8B007F3080127E1F03A912C2FB7A3BB00B746A
:10BE9B007E1F03A90B1C7A1F03A97E3703AD7D23DD
:10BEAB001B247A2703AD4D3378DADA3B227A0F0362
:10BEBB00D27A1F03CE9000840BEA102E1400CC7E96
:10BECB000400017E34CD037E2400FF121B147D235E
:10BEDB009000840BEA302D321BEA30227A0F03D20A
:10BEEB007A1F03CE9000840BEA102E1400CC7E0434
:10BEFB0000017E34CD087E2400FF121B147D23909D
:10BF0B0000840BEA302D321BEA30227A0F03D27AEF
:10BF1B001F03CE9000840BEA102E1400CC7E04007D
:10BF2B00017E34CD0D7E2400FF121B147D23900067
:10BF3B00840BEA302D321BEA30227A3706734D22FE
:10BF4B0078057A17062622BE24000178057A170693
:10BF5B002822BE24000278057A17062A22BE240066
:10BF6B000378047A17062C227F60BE340001781BFD
:10BF7B007E14D70A7E043BA37E1F04D112028C6968
:10BF8B001600020B6A001201D480029F1179360051
:10BF9B00021B6A20229F117A1F03AB7E34A2437EC1
:10BFAB00084268123139C203C201C204C200C20284
:10BFBB00E47AB3067B7AB306806D337A370679025F
:10BFCB0000467E3702094D3378039F11226D117E97
:10BFDB000441207E1F026C12028C7F717E270209A6
:10BFEB00E41204067F017F1712032C02043E7E37F6
:10BFFB0002094D3378039F11226D117E0441207E7F
:10C00B001F029412028C7F717E270209E412040630
:10C01B007F017F1712032C02043E7AB303A790060D
:10C02B0072E060206D337E0803A712B4DF7E180028
:10C03B00017A1F03AC7E14065B7E0400017E18039D
:10C04B00A7024AE922CA3B6CFF6D667D360B64BEC4
:10C05B003400FF28057EF00180111200067CEB7E78
:10C06B0034000112C66EBEE06B78E07CBFDA3B2277
:10C07B007EB304F2BEB00168159F117A1F030A7AD2
:10C08B001F03127A1F02F27A1F02F602B68A7E1F74
:10C09B00030A7E0F0312740102B70C4D3368257E21
:10C0AB00B3021170047A730211E47AB302417AB3CA
:10C0BB00023E6D3312C83574027AB304F27AB304BC
:10C0CB00A202B68A227E0800D912B0E27E080135A0
:10C0DB0012B0E29F117A1F02F27A1F02F67A1F0347
:10C0EB00267A1F03357A1F030A7A1F0312227C7BE1
:10C0FB004C7768057E700180026C777A7302417E03
:10C10B00B302417011E47AB304F27AB304A26D3333
:10C11B0012C83502B68A22CAD8CA797CDB7D73E491
:10C12B007AB302676D337A37028E12B68A7C7F7AC6
:10C13B00F302404CDD68047A7301BADA79DAD8225B
:10C14B0012C64060039F11227E33025CBE30144046
:10C15B00076D337E243F80227C43E412040B6D1168
:10C16B007E0441A002032C7EB301981BB1680C0422
:10C17B0078127E34E7A67E2400FF227E34E7A47E6D
:10C18B002400FF227E34E79D7E2400FF227EB30233
:10C19B00481BB1680C0478127E34E7A67E2400FF9E
:10C1AB00227E34E7A47E2400FF227E34E79D7E248A
:10C1BB0000FF227F217F707F10800A7E2B307A1B3D
:10C1CB00300B540B34691FFFFD7D011B04790FFFEE
:10C1DB00FD4D1178E67F1722127824E58070067EDC
:10C1EB0024000180026D22E5800A3B4D3278EC9FE2
:10C1FB00007E34C9CC7E2400FF0204A7CAF812C902
:10C20B00707EF302A04CFF680C7E3400036D22E4B9
:10C21B0012BC30800312B68A12C9737CBFDAF822C3
:10C22B00CAF812C9707EF302134CFF680C7E3400FF
:10C23B00036D22E412ABB7800312B68A12C9737C6A
:10C24B00BFDAF8227D127EA0013E34490300154D62
:10C25B0000780659130015800BBD0178057EA001EF
:10C26B0080026CAA7CBA22CAF812C9707EF30267EC
:10C27B004CFF680B7E340003740112C12280031241
:10C28B00B68A12C9737CBFDAF822CA797CF77CEBC9
:10C29B0012C2B77EB3000A3EB012AD487CBE12ADDF
:10C2AB00487CBF12AD4812C500DA79227E340050AB
:10C2BB007401126B2F7E3400517401126B2F7E347C
:10C2CB000051E4126B2F7E340050E4026B2F12C02E
:10C2DB00D06D337E24447A7A1F02F27A1F02F67AEB
:10C2EB001F03267A1F03357A1F030A7A1F031222B4
:10C2FB00C206A2AF9206C2AF75C5017CB7F5C47C6E
:10C30B00B6F5C37CB5F5F612019EE5C2A20692AF57
:10C31B00227A37066DBE340002580A74877AB30648
:10C32B006F74F0800874F07AB3066F74877AB30673
:10C33B0070226D3312B22F7E34000312B22F6D3385
:10C34B007A3702657A3702499F117A1F01C77A1F24
:10C35B0001B4227A3702657A2702497A0F01C77E28
:10C36B001F040D7A1F01B47AB3020B7E7304127A89
:10C37B007301ED227C7B1B71680D1B70680E0B71BA
:10C38B00780F7E340258227E3403E8227E340578FF
:10C39B00226D332212008E0A3B4D33781212C9598B
:10C3AB000A3B4D33780912C94A0A3B4D3368037473
:10C3BB000122E4227F607F711203AD50037F1622AE
:10C3CB007E6F046D7F177F061203AD28037F162245
:10C3DB007F17227F607F711203AD50037F16227E81
:10C3EB006F04167F177F061203AD28037F16227F7B
:10C3FB001722CAF86CFF6D3312B57160037EF00122
:10C40B007E34000312B57160034EF0027CBFDAF884
:10C41B0022E47AB302107AB301F57AB302477AB306
:10C42B00023D7AB302597AB302437AB3026422E42F
:10C43B007AB301939F117A1F029C7A1F04D112A821
:10C44B00AA6002E42274017AB3019322CAF812C9DA
:10C45B00707EF301D64CFF68087E340003E412A60D
:10C46B004412C9737CBFDAF8227EB301D660097E11
:10C47B00B301AFBEB0016802E4227E340007740141
:10C48B0012A6447401227D1274013E344903065DE9
:10C49B004D0078055913065D22BD01780374012206
:10C4AB00E4227CAB7E1800017A1F04157EB3000AD0
:10C4BB007C7A7E0803A91295F37EB303A9227F71C0
:10C4CB009F669F001203AD28037401227F177F061E
:10C4DB001203AD500374FF22E4227AB303A77E1834
:10C4EB0000017A1F03AC7E1405837E0400017E18C5
:10C4FB0003A7024AE97E340051E4126B2F7E34000D
:10C50B00507401126B2F7E3400517401026B2F7D1E
:10C51B00237F206D3380097E2B300B540A132D3172
:10C52B007D121B244D1178EF227C7BBE700008041A
:10C53B007401800ABE7000580474FF8001E47AB362
:10C54B000246229000CBE0B40F097E34CD3D7E2411
:10C55B0000FF227E34CD397E2400FF227E37055723
:10C56B004D33680CBE3400016806BE3400047803FA
:10C57B00740122E422CA3B12C8027F3112C7CFBF1B
:10C58B003128069F317F1380029F13DA3B227C5B9D
:10C59B00A5BD010B7E240001E47E14001080056D07
:10C5AB00116D22E4029553CA7912C9707E7301EAA8
:10C5BB000A77E47AB301EA12C9737D37DA7922CAB2
:10C5CB007912C9707E73022D0A77E47AB3022D12A9
:10C5DB00C9737D37DA7922CA7912C9707E73024F1B
:10C5EB000A77E47AB3024F12C9737D37DA79227E68
:10C5FB00B3024160107EB30193B402097EB3021102
:10C60B007003740122E4227E1800017A1F04157E48
:10C61B00700F7E0803AB1295F37EB303AB221200AF
:10C62B005660097E34CD457E2400FF227E34CD40FA
:10C63B007E2400FF227EB301D6600F7EB301AF7064
:10C64B00097EB302626003740122E422D204C201A8
:10C65B00D2007E3400047A37067C6D337A37067E3F
:10C66B0002C893CA797D737E37068B1200967D378D
:10C67B001B347D7378F1DA79227E1442407E0400FC
:10C68B000F7E1F0687120B720A570B54F5F522CA41
:10C69B003B7D727D630A5412B8C57D367D5712B847
:10C6AB00C5DA3B227C7B4C7B680474018001E47A05
:10C6BB00B3057E700302B03422D2A2C2A2C2A17E05
:10C6CB0034000212C976D2A1D2A2C2A222120086D3
:10C6DB007A37039C7E1F02FA1204C77A1F034E227D
:10C6EB007F207F017E3703A77A3703AD7F107F0250
:10C6FB0002BE897E34000312C31C6D337E24FFFF00
:10C70B0012C90F02502E7D237CB41204067E14CC6A
:10C71B00CD7E04416402032CE49003E1F09000C948
:10C72B00F06D339000A61BEA3022300503D3800155
:10C73B00C39203200305C201020046227F719F00B2
:10C74B001203AD50057F170203F37F1722CA79122C
:10C75B00C9707E7701E812C9737D37DA7922CA3B3B
:10C76B0012C9707E3F01EE12C9737F13DA3B22CAE6
:10C77B007912C9707E77020712C9737D37DA792275
:10C78B00CA3B12C9707E3F020C12C9737F13DA3B8E
:10C79B00227F719F001203AD50057F170203F37FB9
:10C7AB001722CA7912C9707E77024D12C9737D3771
:10C7BB00DA7922CA7912C9707E77025012C9737D59
:10C7CB0037DA7922CA3B12C9707E3F025512C97300
:10C7DB007F13DA3B22CA7912C9707E77027012C9B5
:10C7EB00737D37DA7922CA7912C9707E7702721299
:10C7FB00C9737D37DA7922CA3B12C9707E3F02803A
:10C80B0012C9737F13DA3B22CA7912C9707E770281
:10C81B008C12C9737D37DA7922CA7912C9707E7787
:10C82B0002A512C9737D37DA79227D237CB61204F7
:10C83B00067A1F012D7A1F018922000000000000DB
:10C84B0000000F9F0F9B0F810FA76D117E044120DE
:10C85B007E1F01E412028C02043E6D117E04412006
:10C86B007E1F020312028C02043E7AB3049D7E08E3
:10C87B00049D7E2400010281B17CAB7A1F04157EDE
:10C88B00B3000A7C7A0295F37E34A2439F00127A9E
:10C89B00AFE47AB3067B22CA797D7312AE097D377A
:10C8AB0012BDF9DA7922CAF87CFB6D3312C8757C9C
:10C8BB00BFDAF82212C5B24D33680690034D1BEA5E
:10C8CB00302212C5E24D3368069000821BEA3022FB
:10C8DB007EB301F6B4030280007E3407D0227E348F
:10C8EB0040007E2401FA12AC1F02B44B6D33800260
:10C8FB000B347E0BB00B1470F72212C0D07E0800E5
:10C90B007D02B0E27A3706697A27066B22740190B2
:10C91B0006E3F002B1DEE47AB3057E02B0347E7337
:10C92B0002630A372275C78002C6847E370209224A
:10C93B007EB302A0227EB30231227EB3023E227E60
:10C94B00B301D6227E370253227E37027D227EB37D
:10C95B000213227EB301C0227E3701C12253EFDFC7
:10C96B003253EFBF32C2AF22D2AF2202B8C502B7E9
:10C97B004CC2CA3202BAA702C66E02AFDB283029FC
:10C98B0000424F4F543A494D553D455252204C4F62
:10C99B00434B3D3120454C454D3D300D0A00424F38
:10C9AB004F543A494D553D4F4B20415849533D5AF1
:10C9BB00204C4F434B3D3120454C454D3D300D0AEE
:10C9CB000030004143543A4641494C204C4F434BB5
:10C9DB003D3120434845434B2F434C454152004189
:10C9EB0043543A53544F50204C4F434B3D3100412D
:10C9FB0043543A444F4E45204C4F434B3D3120441A
:10CA0B0052495645523D4F4646002052523D00205A
:10CA1B004C523D002052463D005454503A4C463D3A
:10CA2B00005453353A4E3D00204D313030303D00EF
:10CA3B0020524631303D00204C4631303D002052D3
:10CA4B004131303D005454533A4C4131303D00207C
:10CA5B0052533D00204C533D00543130533A4D3D21
:10CA6B00002044543D00543132503A563D00204290
:10CA7B00533D002045503D002052433D0054313280
:10CA8B00433A53543D002048543D00543132583AF8
:10CA9B004B3D002054523D002057413D0020575440
:10CAAB003D00204131303D005431324D3A563D006E
:10CABB00543132533A4B3D0020533D0020453D004D
:10CACB00543132453A4D3D0020454142533D0054CF
:10CADB003132413A53554D3D0020483D003F002037
:10CAEB00443D005454523A5A30372F543130523857
:10CAFB0020523D005454523A5A30392D31302F5474
:10CB0B003132523820523D00204C3D004D54533AA7
:10CB1B00503D002054333D002054303D004D5450C7
:10CB2B003A4C3D00204D3D004D54423A443D004DA2
:10CB3B0054453A4C3D004D54523A533D00414354F9
:10CB4B003A4641494C204452495645523D4F464680
:10CB5B0020434845434B2F434C45415200414354DE
:10CB6B003A53544F50204452495645523D4F464636
:10CB7B00004143543A444F4E452044524956455286
:10CB8B003D4F4646005344423A4C42503D005344BD
:10CB9B00453A4C3D005344523A513D0020445249D2
:10CBAB005645523D00205242503D005354423A4CA0
:10CBBB0042503D002052503D00204C503D005354FC
:10CBCB00453A4C3D0020504D3D002050574D3D0007
:10CBDB002053543D0020413D005354533A513D00E6
:10CBEB002043414C3D00204552525F58313030308C
:10CBFB003D0049342053544154453A53554D3D0063
:10CC0B004934204E4F524D3A4C3D0020524D3D0081
:10CC1B00204C4D3D004934205241573A4C3D0020A9
:10CC2B004D41534B3D00204144433D00204C494E68
:10CC3B00453D00205250574D3D004F5554505554D3
:10CC4B003A204C50574D3D0020543343543D002067
:10CC5B00543043543D0020525349474E45443D0008
:10CC6B00204C5349474E45443D0020525241573DBD
:10CC7B0000454E433A204C5241573D0020423D0067
:10CC8B0020563D0054543A523D00204D533D004533
:10CC9B00543A533D0020504B3D00204E3D00205454
:10CCAB003D0020503D0020523D004D543A533D0075
:10CCBB000D0A00002052554E4C4F434B3D00205364
:10CCCB00545245414D3D004F4646004F4E002045C6
:10CCDB004C454D454E54533D002050524F54454307
:10CCEB00543D00204D4F544F523D00535441545529
:10CCFB00533A20494D553D00257325730025732567
:10CD0B006400257325750052554E00574149545FF9
:10CD1B004C494E45004C4F434B45440045544553FD
:10CD2B0054004D54455354005354414C4C00424114
:10CD3B0044004F4B004C4F535400464F554E44004C
:10CD4B004552523A524143453820434D440D0A0057
:10CD5B005354415455532046554C4C005354415455
:10CD6B005553004552523A4D544553542053544158
:10CD7B0054450D0A004552523A4D544553542053D5
:10CD8B004146453B434C4541520D0A004552523AF0
:10CD9B004D5445535420494D550D0A004552523AB6
:10CDAB004D5445535420454C454D0D0A004D5445AB
:10CDBB0053542042004F4B3A4D5445535420494451
:10CDCB004C450D0A004F4B3A4D5445535420535488
:10CDDB004F500D0A004D544553542053544F50009F
:10CDEB0053544154450054544553540054544553E3
:10CDFB005420543132005454455354205431322072
:10CE0B00464F524345204C00545445535420543103
:10CE1B003220464F5243452052004F4B3A54544513
:10CE2B0053542049444C450D0A004F4B3A5454453A
:10CE3B0053542053544F50204C4F434B3D310D0A0C
:10CE4B000054544553542053544F50005354414CA9
:10CE5B004C20544553542042005354414C4C2054C5
:10CE6B004553542052005354414C4C205445535479
:10CE7B00204C004F4B3A5354414C4C2049444C45A9
:10CE8B00204452495645523D4F46460D0A004F4BE2
:10CE9B003A5354414C4C2053544F50204452495612
:10CEAB0045523D4F46460D0A005354414C4C2053BE
:10CEBB00544F50005354414C4C20535441545553F0
:10CECB00004934004F4B3A49342053545245414D9D
:10CEDB00204F46460D0A0049342053545245414DCC
:10CEEB00204F4646004F4B3A49342053545245414C
:10CEFB004D204F4E0D0A004552523A4934204255AF
:10CF0B0053590D0A0049342053545245414D204F7B
:10CF1B004E004F4B3A454C454D454E5453204F46D2
:10CF2B00460D0A00454C454D454E5453204F464641
:10CF3B00004552523A494D5520554E535441424C9F
:10CF4B00450D0A004F4B3A494D552043414C0D0AB4
:10CF5B00004552523A494D55204D495353494E477E
:10CF6B003B55534520494D5520444941470D0A0037
:10CF7B00494D552043414C004552523A494D55209D
:10CF8B004D495353494E470D0A004F4B3A494D55A6
:10CF9B0020494E49543B53454E4420494D5520435F
:10CFAB00414C0D0A00494D5520494E495400494DFD
:10CFBB00552044494147004552523A494D55204E60
:10CFCB004F542052454144590D0A004F4B3A434CA4
:10CFDB00454152204C4F434B3D310D0A00434C45CC
:10CFEB004152004F4B3A4D4F544F522053544F50D8
:10CFFB005045440D0A0053544F50004C494E4500C8
:10D00B0043414C00454E434D4F444500534146452B
:10D01B003B434C4541520046414E00454C454D006B
:10D02B0052554E4C4F434B004255535900434647C4
:10D03B00343A5431303D4C313430302F313730307D
:10D04B002F3230303020523630302F313030302FBD
:10D05B003134303020403230302F333030205231A9
:10D06B0030204D3D4E382F524157325832205245C9
:10D07B004C363020424C454E443130302046423DF8
:10D08B00414253205031320D0A00434647333A5345
:10D09B0054414C4C20503630302F313030302F3102
:10D0AB0034303020505245353020535445503130B8
:10D0BB0030204D4F563D4E382F504B32205345515B
:10D0CB003D4C52204D544553543D4F50540D0A0086
:10D0DB00434647323A52414345382054313056315A
:10D0EB0038302054313256313230205433303030D6
:10D0FB00204C3132302052353030205032322F32EA
:10D10B00382E352F362047313330204B362F3131E7
:10D11B002E35403133302F31343520543134352FC7
:10D12B0031373220583136302F31383220433320CB
:10D13B00423830205338302F3335205136352F3885
:10D14B0030204631352F35354039302F31343520AD
:10D15B00544F31383020424B363030204237302F4D
:10D16B003535204C5032350D0A004346473A50575F
:10D17B004D3D2575204D4C3D2575204D423D25756A
:10D18B00204D543D2575205052453D2575204C446E
:10D19B003D25752052443D25750D0A004F4B3A54E1
:10D1AB0054455354205A30392D31302F543132528B
:10D1BB00382056313230205433303030204737301E
:10D1CB002F3133302F3335205032322F32382E352A
:10D1DB002F36204B362F31312E35403133302F3116
:10D1EB00343520543134352F3137322058313630E5
:10D1FB002F313832205136352F3830204631352FEC
:10D20B00353520544F313830204D3D25730D0A00F4
:10D21B004155544F00464F5243452D4C00464F52FB
:10D22B0043452D52004F4B3A5454455354205A30DA
:10D23B00372F543130523820563138302054333058
:10D24B00303020503132204E3330302F4D3830209B
:10D25B00523020424B30204D3D4155544F0D0A006A
:10D26B005741524E3A5454455354204D5445535400
:10D27B00423D534B49505045442052554E54494D15
:10D28B00455F50524F544543543D4F4E0D0A004598
:10D29B0052523A5354414C4C2053544154450D0A6D
:10D2AB00004552523A5354414C4C20454E434D4F3E
:10D2BB0044450D0A004552523A5354414C4C2053AD
:10D2CB004146453B434C4541520D0A004552523AAB
:10D2DB005354414C4C20494D550D0A004552523A7E
:10D2EB005354414C4C2046414E0D0A004552523A84
:10D2FB005354414C4C20454C454D0D0A0045525260
:10D30B003A5354414C4C2052554E4C4F434B0D0A03
:10D31B00004F4B3A5354414C4C2054455354202509
:10D32B00732050574D3D3630302F313030302F3148
:10D33B00343030205052453D257520535445503DD7
:10D34B0025754D53205345513D25730D0A004C3E19
:10D35B0052004F4B3A4D5445535420257320505790
:10D36B004D3D2575205052453D257520543D257565
:10D37B004D530D0A00420052004C004552523A5494
:10D38B00544553542025730D0A00494D553A4932E3
:10D39B004320494436423D257520494436413D25BD
:10D3AB0075205553453D2573204558504543543DF5
:10D3BB003130372053544154453D25730D0A003607
:10D3CB004200364100504153530049444C450045FF
:10D3DB004E435F4E4F49534500454E435F4D4F44BF
:10D3EB00450050524F5445435400494D5500525F30
:10D3FB00444952004C5F44495200525F5354414CD4
:10D40B004C004C5F5354414C4C0053544F505045BF
:10D41B004400444F4E450052554E4E494E47000076
:10D42B0004068701C9C3800002062400000002061F
:10D43B002600000002062800000002062A00000059
:10D44B0002062C00000002062E000000020630002F
:10D45B000000020632000000020634000000020643
:10D46B003600000002063800000002063A000000F9
:10D47B0002063C00000002063E00000002064000CF
:10D48B00000001001F000002068B00000002068D49
:10D49B000000000C065D0000000000000000000012
:10D4AB000000000800150000000000000000000252
:10D4BB00000800000001000A6B0002000B000000D6
:10D4CB0002000D00000002000F000000020011001E
:10D4DB000000020013000000020669F800000206BB
:10D4EB006BFFFF0002066D00030001066FF00001E9
:10D4FB000670870002067100000002067300000030
:10D50B00020675000000020677000000010681008C
:10D51B000001068200000106831100010685000050
:10D52B0001068600000402A700000000000102AB08
:10D53B0000000402AC00000000000402B03F8000B9
:10D54B0000000402B400000000000402B800000058
:10D55B0000000402BC3F800000000102C000000478
:10D56B0002C100000000000202C50000000402C757
:10D57B0000000000000102CB00000102CC000014EF
:10D58B0002CD43810000433400004334000000000F
:10D59B00000000000000000402E100000000000495
:10D5AB0002E53EC28F5C000402E9381724490001F2
:10D5BB0002F100000402F200000000000402F60079
:10D5CB00000000000402FA00000000000403020047
:10D5DB0000000000040306000000000004030A0022
:10D5EB000000000004030E00000000000403120002
:10D5FB0000000000040316000000000004031A3EA4
:10D60B008000000004031E00000000000403220041
:10D61B0000000000040326000000000004032A3F62
:10D62B008000000001033000000403310000000003
:10D63B00000403350000000000010339000004035F
:10D64B003A000000000001033E000002034300000B
:10D65B0000020345000000010347000002034800DD
:10D66B00000004034A000000000004034E00000009
:10D67B00000004035243960000000103560000040F
:10D68B000357000000000004035B43E100000004AB
:10D69B00035F414CCCCD0004036300000000000489
:10D6AB000367000000000004036B00000000000192
:10D6BB00036F0000040370000000000004037400FB
:10D6CB0000000000040378000000000004037C3F0E
:10D6DB00800000000403803F8000000001038600EF
:10D6EB00000403873F8000000004038B3F80000091
:10D6FB000004038F3FC000000004039300000000F0
:10D70B0000040397000000000001039B00000203CC
:10D71B009C00000004039E3F800000000103A60054
:10D72B00000104A200000404A30000000000020496
:10D73B00A70000000404A900000000000404B100CD
:10D74B00000000000404B500000000000204B90052
:10D75B0000000404BB00000000000204BF00000036
:10D76B000104C1FF000204C20001000204C403E66D
:10D77B00000104C600000204C70000000404C90035
:10D78B00000000000404CD00000000000404D100E0
:10D79B00000000000404D500000000000404D900C0
:10D7AB00000000000404E100000000000404E50098
:10D7BB00000000000404E900000000000104ED007B
:10D7CB00000404EE00000000000104F20000040459
:10D7DB00F300000000000104F700000204F8000051
:10D7EB00000204FA0000000404FC00000000000426
:10D7FB000500000000000004050400000000000408
:10D80B000508000000000004050C000000000002E9
:10D81B0005100001000105120100010513010001B3
:10D82B000514000001051501000105160100010595
:10D83B001700000105180100010519010001051A67
:10D84B00000001051B010001051C010001051D0065
:10D85B000001051E000001051F000001052000004E
:10D86B000105210000010522000001052300000134
:10D87B000524000001052500000105260000020516
:10D88B002700000002052900000002052B00000004
:10D89B0002064200010001064400000406453E4C0E
:10D8AB00CCCD00020649FFFF0002064B0000000131
:10D8BB00064D000004064E3F80000000010652009A
:10D8CB00000106530000010654000001065500003C
:10D8DB000106560000010657000001065800000122
:10D8EB000659000001065A000001065B0000010604
:10D8FB005C000004060400000000000406080000A1
:10D90B0000000004060C00000000000406100000DC
:10D91B0000000004061400000000000406180000BC
:10D92B0000000004061C000000000004062000009C
:10D93B0000000004052D3E570A3D0004053142341A
:10D94B000000000105350000040536419000000081
:10D95B0004053A3E99999A0004053E3EB3333300D1
:10D96B0004054242B400000004054641C800000013
:10D97B0002054A00000004054C428200000002052B
:10D98B005000000002055200000001055401000286
:10D99B000555000000020557000000020559000064
:10D9AB000004055B433000000002055F000000022D
:10D9BB00056100000004056300000000000405671A
:10D9CB00419000000001056B000004056C428C00C7
:10D9DB0000000405703F3851EC0001057400000491
:10D9EB00057542B00000000405793E8F5C290001EB
:10D9FB00057D000001057E000004057F422000002C
:10DA0B000004058342C80000000405873E19999A5B
:10DA1B000004058B3EE666660004058F41F00000AE
:10DA2B0000040593000000000004059742F000007D
:10DA3B000004059B42A400000004059F41700000F8
:10DA4B00000405A342F00000000405A7416000009C
:10DA5B00000405AB438C0000000405AF0000000080
:10DA6B00000105B300000105B400000105B500007D
:10DA7B000105B600000405B73F800000000105BB9F
:10DA8B0001000105BC00000205BD0000000105F30B
:10DA9B0000000105F401000105F500000105F6FF8A
:10DAAB00000105F700000405F83FC0000000040565
:10DABB00FC40000000000406003F80000000010055
:10DACB001D000001001E000002068F000000020175
:10DADB00910000000101930000040194000000007C
:10DAEB00000101980000010199000004019A000057
:10DAFB0000000004019E00000000000201A20000D3
:10DB0B00000201A40000000101A600000401A741CE
:10DB1B00C80000000201AB0000000201AD000000D4
:10DB2B000101AF00000401B03EE66666000401B4DB
:10DB3B0000000000000201B80000000101BA000063
:10DB4B000101BB00000401BC00000000000101C08A
:10DB5B0000000201C10000000401C300000000002E
:10DB6B000401C700000000000401CB00000000000E
:10DB7B000201CF0000000101D100000401D200001E
:10DB8B000000000101D600000401D70000000000D6
:10DB9B000401DB00000000000101DF00000401E0D4
:10DBAB0000000000000401E400000000000201E896
:10DBBB000000000101EA00000101EB00000101EC93
:10DBCB0000000101ED00000401EE00000000000167
:10DBDB0001F200000201F30000000101F500000159
:10DBEB0001F600000401F700000000000401FB0037
:10DBFB00000000000401FF0000000000040203000D
:10DC0B0000000000020207000000020209000000F1
:10DC1B0001020B000004020C0000000000010210C6
:10DC2B0000000102110000010212000001021300AA
:10DC3B0000040214000000000004021800000000A1
:10DC4B000004021C0000000000070220000000007E
:10DC5B0000000000040227000000000002022B005D
:10DC6B00000001022D000002022E00000001023014
:10DC7B0000000102310000010232000007023300F4
:10DC8B000000000000000001023A000002023B000D
:10DC9B00000001023D000001023E000001023F00B6
:10DCAB00000102400000010241000001024200009D
:10DCBB000102430000020244000000010246000082
:10DCCB000102470000010248000002024900000067
:10DCDB0001024B000001024C000002024D0000004B
:10DCEB0001024F000002025000000001025200002E
:10DCFB000202530000000402550000000000010264
:10DD0B0059000002025A00000001025C00000102EF
:10DD1B005D000004025E00000000000102620000D2
:10DD2B0001026300000102640000020265000000B2
:10DD3B000102670000040268000000000004026C8E
:10DD4B0000000000000202700000000202720000DE
:10DD5B00000102740000040275422000000004025E
:10DD6B0079000000000002027D00000001027F002C
:10DD7B000004028000000000000402840000000088
:10DD8B0000040288000000000002028C0000000268
:10DD9B00028E0000000402900000000000040294B8
:10DDAB000000000000040298000000000004029C28
:10DDBB0000000000000102A000000402A10000000E
:10DDCB0000000202A5000000020679000000010617
:10DDDB007B000002067C00000002067E00000001B2
:10DDEB00068000000106910000000000000000000A
:10DDFB0000000180000001C0000000E3FFE000E331
:10DE0B00FFE0006000600E00006006000060063F4F
:10DE1B00F860063FF8600638186006181860061898
:10DE2B00186006181860061FF860061818600618A8
:10DE3B001860061818600618186006381860063F38
:10DE4B00F860060000600600006006000060060037
:10DE5B0003E00E0003E000000100000000000000E2
:10DE6B0000000000000000000000000000000000A7
:10DE7B000000000000000000000000000000000097
:10DE8B000F0000467F000FE786000C7206000C6245
:10DE9B000C000C620C000C621C000D62F0000FE316
:10DEAB0018000C6218000C6219E00C620F800F62F4
:10DEBB007C000C63EC000C6206000C6206000C622A
:10DECB00030009E243840E678184084700C40046BF
:10DEDB00007C0006003C0004001C00000004000055
:10DEEB000000000000000000000000000000000027
:10DEFB000000000300000001880000018E000031CB
:10DF0B0098000019A000000981C00201FFE0021F68
:10DF1B0000F007E000E0060021000C03F0000C3CD1
:10DF2B003000001020000018E000000F000000037C
:10DF3B00000000033E000007F80001FF0000000F87
:10DF4B000000001BC00000336000002318000043DA
:10DF5B000F00018307F0030301E00C030000000333
:10DF6B0000000002000000000000000000000000A4
:10DF7B0000000000300000001800003818000018E6
:10DF8B001800001811C0000BFFE00FFFF00007C8CE
:10DF9B002000000820000000000000218200003853
:10DFAB00C3000030C3800070C6000060CC0000C00E
:10DFBB00D80000C0B00001C0E00003C1C00006C320
:10DFCB0080000CCC800018C0800820C0C00800C0A6
:10DFDB00C00800C0E01C00C07FFC00C03FF0008008
:10DFEB000000000000000000000000000000000026
:10DFFB000000000400000007800000030000000385
:10E00B00000000030000000330000003F000001FBD
:10E01B0080000003000000030E0000037E000007D9
:10E02B00C000007F00000FC70000020F8000000F30
:10E03B00C000001B60000033300000331800006389
:10E04B001E0000C30F00018307C0060303F808037B
:10E05B0001FC0007000000070000000700000002A1
:10E06B0000000002000000000000000000000000A3
:10E07B0000000000000000183000001830000018ED
:10E08B00300000183000001830000018302007183E
:10E09B003070061830F0061FB3C0061FB780061885
:10E0AB00BE00061838000618300006183000061897
:10E0BB00300006183000061830000618300006181D
:10E0CB003000061FB030067FB0300FF838700F806D
:10E0DB003FE004001FC00000000000000000000033
:10E0EB000000000000000000000000000000000025
:10E0FB000000000380000001C0000FFFFFF00FFFC6
:10E10B00FFF00E0000300E0C00300E1E00300E3FE4
:10E11B00FF30003FFE0000700C0001F81C0003CE26
:10E12B0038000107E0000003C000000FF800007E7C
:10E13B003FE01FF00FF81F8000F00C7FFF00006026
:10E14B0003000060030000600300007FFF00007FFE
:10E15B00FF000060038000600380000000000000EF
:10E16B00000000000000000000004E6F77416E675A
:10E17B003A0020416E676C65003E416E676C65002E
:10E18B002044696666003E446966660020496E4C11
:10E19B006F003E496E4C6F0020496E4869003E4946
:10E1AB006E486900204F75744C6F003E4F75744C70
:10E1BB006F00524120504152414D0020496E742056
:10E1CB0000204572722000207274616E672000205F
:10E1DB00496E745F54682000204572725F5468204A
:10E1EB000053747261696768740020454E435F4544
:10E1FB004C4520002050574D5F535441544520004F
:10E20B0020454E435F5349474E200020454E435F08
:10E21B007461722000205674617220002065727246
:10E22B004D002065727244002065727243002065B8
:10E23B0072725800206572724800206C6172002067
:10E24B0020003C2000206D69740020655F74200065
:10E25B0020785F66200020785F74200078543A00A5
:10E26B00537064343A00537064333A005370643221
:10E27B003A00537064313A00537064303A00537073
:10E28B00656564204D656E750054656D70546172E3
:10E29B003A00616E6734353A00616E6733343A0089
:10E2AB00616E6732333A00696E6336373A00696ED6
:10E2BB006335363A00696E6331323A0043697263F3
:10E2CB006C652041647600475369676E3A00466C73
:10E2DB0061673A0052696E674572723A00496E6E19
:10E2EB0065724F6E3A00496E6E65724C6F3A005311
:10E2FB006964654469663A004F7574657248693A9A
:10E30B0000436972636C6500696E6300725400723E
:10E31B0076006C54006C76004572723A200053758F
:10E32B006D3A200053746174653A00524D3A2020C7
:10E33B00004C4D3A202000523A202020004C3A202D
:10E34B002020007475726E00206572722000206FA1
:10E35B00757420002065742000204B64322000204F
:10E36B004B703120006779726F002054617220006E
:10E37B0020565F6E6F7720002050574D20002049AC
:10E38B006F7574200020506F75742000204B642033
:10E39B0000204B69200020003C00204B70200072B5
:10E3AB0069676874006C656674000000000000000B
:10E3BB000000000000000000000000000000000052
:10E3CB000000000000000000000000000000000042
:10E3DB000000000000000000000000000000000032
:10E3EB000000000000000000000000000000000022
:10E3FB000000000000000000000000000000000012
:10E40B000000000000000000000000000000000001
:10E41B0000000000000000000000000000000000F1
:10E42B0000000000000000000000000000000000E1
:10E43B0000000000000000000000000000000000D1
:10E44B0000000000000000000000000000000000C1
:10E45B0000000000000000000000000000000000B1
:10E46B0000000000000000000000000000000000A1
:10E47B000000000000000000000000000000000091
:10E48B000000000000000000000000000000000081
:10E49B000000000000000000000000000000000071
:10E4AB000000000000000000000000000000000061
:10E4BB000000000000000000000000000000000051
:10E4CB000000000000000000000000000000000041
:10E4DB000000000000000000000000000000000031
:10E4EB000000000000000000000000000000000021
:10E4FB000000000000000000000000000000000011
:10E50B000000000000000000000000000000000000
:10E51B0000000000000000000000000000000000F0
:10E52B0000000000000000000000000000000000E0
:10E53B0000000000000000000000000000000000D0
:10E54B0000000000000000000000000000000000C0
:10E55B0000000000000000000000000000000000B0
:10E56B0000000000000000000000000000000000A0
:10E57B000000000000000000000000000000000090
:10E58B000000000000000000000000000000000080
:10E59B000000000000000000000000000000000070
:10E5AB0000000000000000000000000101065A01FD
:10E5BB00000101067201000401071A0000000000AF
:10E5CB000401067300000000000101067700000142
:10E5DB0001067800000101067900000101067A00AE
:10E5EB00000101067B00000101067C000001010611
:10E5FB007D00000201067E00000001010680000084
:10E60B000101068100000101068200000101068361
:10E61B0000000101068400000101068500000101D4
:10E62B000686000002010687000000010106890032
:10E63B00000201068A0000000101068C00000101A6
:10E64B00068D00000201068E0000000101069000FD
:10E65B000001010691000002010692000000020178
:10E66B0006940000000201069600000002010698C5
:10E67B000000000201069A0000000201069C000047
:10E68B00000201069E000000020106A0000000012E
:10E69B000106A20000020106A3000000020106A56C
:10E6AB00000000020106A7000000020106A90000FD
:10E6BB0000020106AB000000020106AD00000002E3
:10E6CB000106AF000000020106B1000000020106C6
:10E6DB00B3000000020106B5000000040106B700FC
:10E6EB0000000000010106E30100005341545552A4
:10E6FB004154494F4E00454E435F5350494B4500E3
:10E70B0052554E5F4C4F434B4544004D4953534973
:10E71B004E4700554E535441424C45004F4B00431E
:10E72B00414C0053544152545F53594E43004C4992
:10E73B004E455F4C4F535400504153530049444C8A
:10E74B004500454E435F4E4F49534500454E435F91
:10E75B004D4F44450050524F5445435400494D557D
:10E76B0000525F444952004C5F44495200525F5380
:10E77B0054414C4C004C5F5354414C4C0053544F40
:10E78B005050454400444F4E450052554E4E494E55
:10E79B0047004E4F4E4500420052004C005037335D
:10E7AB002053454C202050373220534554002050E5
:10E7BB00003E50002043003E43002042003E4200FA
:10E7CB002041003E4100202020202000534156458F
:10E7DB0044002043414C20503732003E43414C20F3
:10E7EB005037320057414954004F4B0053544F5050
:10E7FB000052554E0049342043414C0043414C20BC
:10E80B004241440043414C204F4B200045525200A3
:10E81B004D41534B0041444320424144004144434A
:10E82B00204F4B20004C4F5354004C494E45005346
:10E83B00554D00522000524D004C4D004C20002EE7
:10E84B002E5C2E2E5C6C69627261726965735C7AE8
:10E85B00665F6472697665725C7A665F647269760C
:10E86B0065725F70776D2E6300007EFED0007EFEBA
:10E87B00F0007EFED5007EFED7007EFED9007EFE28
:10E88B00DB007EFEF5007EFEF7007EFEF9007EFECD
:10E89B00FB007EFED2007EFEF2007EFECC007EFEF2
:10E8AB00CD007EFEEC007EFEED007EFEC8007EFEFF
:10E8BB00C9007EFECA007EFECB007EFEE8007EFE17
:10E8CB00E9007EFEEA007EFEEB52454144590057BB
:10E8DB0041495420005354415455533A0052454139
:10E8EB004C3A0053544154453A0020524553455439
:10E8FB00003E5245534554002046495245003E4682
:10E90B00495245002041524D3A003E41524D3A008A
:10E91B004F4646004F4E200020454E3A003E454E96
:10E92B003A004E502042454E43482033302520318B
:10E93B005320503333002E2E5C2E2E5C6C6962728A
:10E94B0061726965735C7A665F6472697665725C25
:10E95B007A665F6472697665725F756172742E6335
:10E96B00000000000000000000000000000000009C
:10E97B00000000000000000000000000000000008C
:10E98B00000000000000000000000000000000007C
:10E99B00000000000000000000000000000000006C
:10E9AB0000286E756C6C29002E2E5C2E2E5C6C690B
:10E9BB00627261726965735C7A665F636F6D6D6FAE
:10E9CB006E5C7A665F636F6D6D6F6E5F66756E639F
:10E9DB0074696F6E2E63003031323334353637380D
:10E9EB00394142434445463031323334353637387A
:10E9FB003961626364656600554E4B4E4F574E004E
:10EA0B00522D52454300522D4558495400522D4822
:10EA1B004F4C4400522D454E54455200522D434805
:10EA2B0045434B0052412D5245430052412D545505
:10EA3B00524E0052412D434845434B0054524143E3
:10EA4B004B004F4646002E2E5C2E2E5C6C6962727C
:10EA5B0061726965735C7A665F6465766963655C30
:10EA6B007A665F6465766963655F776972656C6505
:10EA7B0073735F756172742E6300256600256400E5
:10EA8B002E2E5C2E2E5C6C69627261726965735CF2
:10EA9B007A665F6465766963655C7A665F646576E2
:10EAAB006963655F6970733131342E63002E2E5CA0
:10EABB002E2E5C6C69627261726965735C7A665F3B
:10EACB006472697665725C7A665F64726976657288
:10EADB005F736F66745F7370692E6300434C4541BF
:10EAEB004E0052554E0053544F500025660025647E
:10EAFB00002530357500256420202020202000259E
:10EB0B00303375002564202020002E2E5C2E2E5CC9
:10EB1B006C69627261726965735C7A665F636F6D53
:10EB2B006D6F6E5C7A665F636F6D6D6F6E5F66693E
:10EB3B00666F2E63002E2E5C2E2E5C6C69627261EA
:10EB4B00726965735C7A665F6472697665725C7A0A
:10EB5B00665F6472697665725F6770696F2E6300BA
:10EB6B002E2E5C2E2E5C6C69627261726965735C11
:10EB7B007A665F6472697665725C7A665F647269E5
:10EB8B007665725F6164632E63002E2E5C2E2E5CA5
:10EB9B006C69627261726965735C7A665F647269D3
:10EBAB007665725C7A665F6472697665725F7370A4
:10EBBB00692E63000D0A2025732066696C6520257C
:10EBCB0073206C696E652025640D0A0041737365B3
:10EBDB007274206572726F72004F46462020004699
:10EBEB0041554C540052454C532000484F4C442047
:10EBFB0000505245502000696D75363630726220D8
:10EC0B0073656C6620636865636B206572726F72E7
:02EC1B002E00C9
:00000001FF
